,examples,intents
0,Привет честной компании,hello
1,Нихао,hello
2,Привет машина,hello
3,Хеллоу,hello
4,Вопрос. Сколько стоит обучение?,hello
5,Здравия желаю,hello
6,Приветствую Вас,hello
7,алоха,hello
8,Привяу,hello
9,Дратути,hello
10,Приветули,hello
11,Приветствую!,hello
12,рад видеть снова,hello
13,приятно видеть тебя снова,hello
14,Доброе утро,hello
15,привет,hello
16,Сколько лет сколько зим,hello
17,Хэллоу,hello
18,Здравствуйте,hello
19,Hi,hello
20,Хэлоу,hello
21,Приветухи,hello
22,Добрый день!,hello
23,"Здорово, чурбан электронный",hello
24,hi,hello
25,Рад приветствовать Вас,hello
26,салют,hello
27,Добрый вечер,hello
28,Чё кого,hello
29,Даров,hello
30,Hello,hello
31,Hola,hello
32,Дозвольте приветствовать Вас,hello
33,Привет,hello
34,Вечер в хату,hello
35,Приветствую вас,hello
36,Какие люди,hello
37,гутентаг,hello
38,здарямба,hello
39,Доброго времени суток!,hello
40,здорова,hello
41,Эрик?,hello
42,Доброго здравия,hello
43,хай,hello
44,Приветики,hello
45,салям,hello
46,Бонжур,hello
47,Бодрого утречка,hello
48,Салют!Здоровеньки булы,hello
49,А что мы тут делаем,hello
50,Доброго утра,hello
51,Доброй ночи,hello
52,здрасьте,hello
53,простоздравствуй,hello
54,Дороу,hello
55,Салям Алейкум,hello
56,моё почтение,hello
57,здравствуйте,hello
58,Здорово,hello
59,хело,hello
60,Доброго здоровья,hello
61,Срочно нужна помощь!,hello
62,Доброго времени суток,hello
63,Хело,hello
64,Приятный день,hello
65,Чао,hello
66,шелом,hello
67,Здрасьте,hello
68,Hi there,hello
69,приветули,hello
70,"Привет, бро",hello
71,здоровеньки,hello
72,Прет,hello
73,Ghbdtn,hello
74,Салам пополам,hello
75,здарова,hello
76,"Здарова, шо там?",hello
77,Дарова,hello
78,"Але,а кто это?",hello
79,прив,hello
80,"Беригите печень, никто не вечен",hello
81,Добрый день,hello
82,Кукусики,hello
83,хеллоу,hello
84,Good afternooт,hello
85,доброеутро,hello
86,Доброе время суток,hello
87,Мир вам,hello
88,Сердечный привет вам,hello
89,Хэлло,hello
90,Здоров,hello
91,как дела?,hello
92,Да здравствует Бог-Император Человечества,hello
93,коничива,hello
94,вечер в хату,hello
95,Алло,hello
96,Доброго вечера,hello
97,Салютик,hello
98,Как дела?,hello
99,ку,hello
100,Трям,hello
101,Доброго дня,hello
102,Эй,hello
103,Че как,hello
104,шалом,hello
105,прием,hello
106,Йоу,hello
107,бонжур,hello
108,етйувтсвардз,hello
109,Здоровеньки булы,hello
110,салам,hello
111,Салам,hello
112,доброевремясуток,hello
113,доброго времени суток,hello
114,Хелло,hello
115,доброе утро,hello
116,Здравствуйте!,hello
117,"Привет, железяка",hello
118,добрыйдень,hello
119,здасти,hello
120,Приветик,hello
121,Приятный вечер,hello
122,добрыйвечер,hello
123,ку-ку,hello
124,Рад вас видеть,hello
125,Какая встреча,hello
126,Здравствуй,hello
127,))),hello
128,Наше вам с кисточкой,hello
129,Ваззап,hello
130,Здрям,hello
131,Мир вашему дому,hello
132,Здорово чувак,hello
133,тевирп,hello
134,Здарова,hello
135,С добрым вечером,hello
136,Хаю-Хай,hello
137,Ку,hello
138,Как дела,hello
139,Хай,hello
140,Тут бот или человек?,hello
141,приветик,hello
142,Утра,hello
143,Салют,hello
144,Привет. Есть тут кто?,hello
145,рад видеть тебя снова,hello
146,Гутен морген,hello
147,Шалом,hello
148,авемария,hello
149,ассалам алейкум,hello
150,Я пришел с миром,hello
151,Разрешите Вас приветствовать,hello
152,Дароу,hello
153,хей,hello
154,hello,hello
155,трям,hello
156,Shalom,hello
157,С добрым утром,hello
158,Рад вам,hello
159,Всем доброго дня,hello
160,Однако здравствуйте,hello
161,Рад Вас видеть,hello
162,Wats's up,hello
163,нихао,hello
164,Рад вас приветствовать,hello
165,Сап,hello
166,рад встрече,hello
167,qq,hello
168,Приветствую,hello
169,Благословенен будь твой день,hello
170,Тысячу лет вас не видел,hello
171,Здарова!,hello
172,Здаров,hello
173,добрый день,hello
174,Сердечно рад вам,hello
175,Хей,hello
176,Чё как?,hello
177,Здр,hello
178,добрый вечер,hello
179,Наконец-то дозвонился!,hello
180,приветствую,hello
181,Хаюшки,hello
182,салам алейкум,hello
183,Прива,hello
184,Bye,bye
185,удались,bye
186,покедова,bye
187,адиос,bye
188,"Всё, будь здоров",bye
189,акоп,bye
190,Давай,bye
191,На созвоне,bye
192,Всего наилучшего!,bye
193,ауфидерзейн,bye
194,пока,bye
195,Досвидули,bye
196,довстречи,bye
197,аливидерчи,bye
198,"все, хватит",bye
199,ушел,bye
200,Закончили,bye
201,отбой,bye
202,Увидимся,bye
203,До свидания,bye
204,Adios,bye
205,до скорого,bye
206,Прощайте,bye
207,до свидания,bye
208,Не обсуждается,bye
209,аривидерчи,bye
210,бывай,bye
211,Пакедова,bye
212,Всех благ,bye
213,Бывай,bye
214,"Давай, пока",bye
215,Всего доброго,bye
216,Будьте здоровы,bye
217,До следующего..,bye
218,сдохни,bye
219,счастливо,bye
220,Споки Ноки,bye
221,До скорого!,bye
222,Покедава,bye
223,"Асталависта, Бэйби!",bye
224,Пока,bye
225,"Прощевайте, панове",bye
226,Всего хорошего,bye
227,покеда,bye
228,до завтра,bye
229,Что делать,bye
230,байбай,bye
231,good bye,bye
232,испарился,bye
233,See ya,bye
234,Счастливо оставаться,bye
235,Прощай,bye
236,До скорого,bye
237,goodbye,bye
238,Чао,bye
239,Доскорой встречи,bye
240,До завтра,bye
241,прощайте,bye
242,До следующей встречи,bye
243,Скоро увидимся,bye
244,Аривидерчи,bye
245,Не скучай,bye
246,exit,bye
247,До связи,bye
248,Всего наилучшего,bye
249,отвали,bye
250,Береги себя,bye
251,прощай,bye
252,все,bye
253,Да пребудет с тобой Сила,bye
254,бай,bye
255,Бай,bye
256,До скорой встречи!,bye
257,пакеда,bye
258,будь,bye
259,гуд бай,bye
260,изыйди,bye
261,Чем заняться,bye
262,До вечера,bye
263,Покедова,bye
264,"Ладно, я пошёл",bye
265,выход,bye
266,Ай эм бэк,bye
267,досвидания,bye
268,Выход,bye
269,Счастливо,bye
270,свали,bye
271,"Я ухожу, пока",bye
272,аревуар,bye
273,умри,bye
274,Ещё увидимся,bye
275,Не болей,bye
276,Покедули,bye
277,Пока-пока,bye
278,До утра,bye
279,Не грусти без меня,bye
280,исчезни,bye
281,до встречи,bye
282,Good bye,bye
283,чао,bye
284,оревуар,bye
285,асталависта,bye
286,До встречи,bye
287,"Ну, бывай",bye
288,чао-какао,bye
289,bye-bye,bye
290,Пака,bye
291,бб,bye
292,Покеда,bye
293,увидимся,bye
294,абьенто,bye
295,До скорой встречи,bye
296,удачи,bye
297,Хао,bye
298,Bye-bye,bye
299,Вы оказались бесполезны,bye
300,Досвидания,bye
301,доскорого,bye
302,Не поминайте лихом,bye
303,я пошел,bye
304,пока-пока,bye
305,До новых встреч,bye
306,Досвидос,bye
307,Покасики,bye
308,bb,bye
309,скройся,bye
310,скрылся,bye
311,Спасибо,bye
312,всего хорошего,bye
313,адьос,bye
314,Удачи,bye
315,bye,bye
316,Лан пока,bye
317,Good Bye,bye
318,до связи,bye
319,гудбай,bye
320,Вазап,how_are_you56234
321,Как сам,how_are_you56234
322,Как дела,how_are_you56234
323,Че каво,how_are_you56234
324,Как день,how_your_day89347
325,Какие новости,how_your_day89347
326,Как прошел день,how_your_day89347
327,Что ты чуствуешь,how_are_you_feeling74447
328,Ты можешь думать,how_are_you_feeling74447
329,Давай поиграем,do_you_want_play8679435
330,Поиграем,do_you_want_play8679435
331,Давай сыграем,do_you_want_play8679435
332,Сыграем,do_you_want_play8679435
333,Играть,do_you_want_play8679435
334,Секрет-ббб,code_phrase978457
335,Секрет-ааа,code_phrase978457
336,Твое имя,names
337,Как тебя зовут,names
338,Чё как,mood
339,Какое у тебя настроение,mood
340,Какое у тебя сейчас настроение,mood
341,Ты как,mood
342,Как бодрость духа?,mood
343,Как дела?,mood
344,Как твое ничего?,mood
345,Как твои дела,mood
346,как настроение,mood
347,Как оно,mood
348,Как самочувствие,mood
349,Как ты,mood
350,Как настроение?,mood
351,Как настроение,mood
352,Как ты поживаешь,mood
353,Как ты сегодня?,mood
354,Что по настрение,mood
355,Как жизнь,mood
356,Как у тебя дела,mood
357,Как ваши дела,mood
358,Как дела,mood
359,Ты любишь читать,books
360,Какая твоя любимая книга,books
361,Какие фильмы ты смотрел,films
362,Какие фильмы посоветуешь сегодня посмотреть,films
363,Что посмотреть на выходных,films
364,Посоветуй кино,films
365,Посоветуй фильм,films
366,"Есть ли хороший фильм, который я не видел",films
367,Какой фильм посмотреть,films
368,Посоветуй что посмотреть,films
369,Какой твой любимый сериал,films
370,Ищу фильм на вечер,films
371,Порекомендуй фильм,films
372,Какой фильм последний фильм посмотрел,films
373,Любимый фильм,films
374,Ты любишь смотреть фильмы,films
375,Пошути,humor
376,Расскажи анекдот,humor
377,Анекдот,humor
378,Расскажи что то веселое,humor
379,Развесели меня,humor
380,Давай позабавимся,humor
381,Расскажи шутку,humor
382,Рассмеши меня,humor
383,Сколько стоит,ask price
384,За что отдашь,ask price
385,Почём,ask price
386,Позовите администратора,operator request
387,Дайте человека,operator request
388,Заколебал,operator request
389,Ты тупой бот,operator request
390,Бездушная ты машина,operator request
391,Как звать,name request
392,Ты кто,name request
393,Как тебя зовут,name request
394,Как пользоваться,options request
395,Помощь,options request
396,Что умеешь,options request
397,Как самочувствие?,problem
398,Как настроение?,problem
399,Как дела?,problem
400,Как ты?,problem
401,Или ты любишь фильмы?,hobby
402,Ты читаешь книги?,hobby
403,Ты слушаешь музыку?,hobby
404,Руки Вверх,singer
405,Ты Бузова?,singer
406,Сектор Газа,singer
407,Артур Пирожков,singer
408,Где тут улица Красных фонарей?,attractions
409,Как пройти в библиотеку?,attractions
410,Питер далеко от Москвы?,attractions
411,расскажи,stories
412,Расскажи анекдот,stories
413,Спой,stories
414,А сказки ты знаешь?,stories
415,расскажи историю,stories
416,расскажи что-нибудь,stories
417,какой рост был у Наполеона,napoleon
418,рост Наполеона,napoleon
419,какого роста Наполеон Бонапарт,napoleon
420,как зовут Снуп Дога,snoop_dog
421,какое настоящее имя Снуп Дога,snoop_dog
422,реальное имя Snoop Dogg,snoop_dog
423,почему хот-дог так называется,hot_dog
424,откуда взялось название хот-дог,hot_dog
425,когда родился Путин,putin
426,когда день рождения у Владимира Путина,putin
427,из скольки серий состоит Санта Барбара,santa_barbara
428,сколько серий в сериале Санта Барбара,santa_barbara
429,Как твое имя,bot_name
430,как к тебе обращаться,bot_name
431,Как тебя зовут,bot_name
432,что ты можешь,what_cen_you_do
433,для чего ты,what_cen_you_do
434,что ты умеешь,what_cen_you_do
435,сенкью,thanks
436,Очень благодарен,thanks
437,Спс,thanks
438,Благодарствую,thanks
439,Я признательно благодарен,thanks
440,Спасибо!,thanks
441,Мерси,thanks
442,Благодарю,thanks
443,спасибо,thanks
444,Премного благодарен,thanks
445,Спасибо,thanks
446,грациас,thanks
447,Грациас,thanks
448,благодарю,thanks
449,Сябы,thanks
450,большое спасибо,thanks
451,"понял, спасибо",thanks
452,спс,thanks
453,Хорошо,thanks
454,Спасибо от всей души!,thanks
455,"хорошо, спасибо",thanks
456,ты можешь помочь,help_me
457,Помоги мне,help_me
458,помоги,help_me
459,нужна помощь,help_me
460,хелп ми,help_me
461,ты мне не помог,not_that
462,я имел ввиду другое,not_that
463,Это не то что я хотел,not_that
464,я спрашивал о другом,not_that
465,how are you,how_are_you
466,как дела,how_are_you
467,whats up,how_are_you
468,how are you doing,how_are_you
469,а ты как,how_are_you
470,как оно,how_are_you
471,как ты себя чувствуешь,how_are_you
472,как твои дела,how_are_you
473,Как дела,how_are_you
474,как ты,how_are_you
475,как поживаешь,how_are_you
476,классно,feedback_good
477,норм,feedback_good
478,здорово,feedback_good
479,кайф,feedback_good
480,тоже,feedback_good
481,хорошо,feedback_good
482,супер,feedback_good
483,с пивком покатит,feedback_good
484,нормально,feedback_good
485,тоска,feedback_bad
486,грустно,feedback_bad
487,ужасно,feedback_bad
488,не очень,feedback_bad
489,отвратительно,feedback_bad
490,никак,feedback_bad
491,плохо,feedback_bad
492,спать,actions
493,поплавать,actions
494,побегать,actions
495,поиграть,actions
496,сходить в поход,actions
497,кушать,actions
498,поесть,actions
499,написать письмо,actions
500,чтение,hobbies
501,еда,hobbies
502,спорт,hobbies
503,рисование,hobbies
504,игры,hobbies
505,музыка,hobbies
506,вышивка,hobbies
507,прогулки,hobbies
508,просмотр кино,hobbies
509,поход в кино,hobbies
510,шитье,hobbies
511,сон,hobbies
512,расскажи о своих хобби,hobbies
513,видеоигры,hobbies
514,Чем ты занимаешь в свободное время,hobbies
515,У тебя есть любимые занятия,hobbies
516,выход,exits
517,exit,exits
518,что ты можешь,abilities
519,покажи что умеешь,abilities
520,покажи свои возможности,abilities
521,что ты умеешь,abilities
522,Пошути,jokes
523,Дурачок,jokes
524,Бот пошути,jokes
525,Расскажи анекдот,jokes
526,Полупокер,jokes
527,Расскажи прикол,jokes
528,Подними мне настроение,jokes
529,Анекдот,jokes
530,расскажи анекдот,jokes
531,Шутка,jokes
532,расскажи шутку,jokes
533,хочу смеяться,jokes
534,Скажи что-нибудь смешное,jokes
535,Скажи шутку,jokes
536,Расскажи что-нибудь смешное,jokes
537,Ты петух?,jokes
538,Расскажи шутку,jokes
539,Рассмеши меня,jokes
540,Как настроение,comity
541,Как здоровье,comity
542,Как жизнь,comity
543,Как дела,comity
544,Как самочувствие,comity
545,Как ты,comity
546,Скажи что-нибудь,indetermine
547,Поговорим,indetermine
548,Поболтаем,indetermine
549,Что скажешь,indetermine
550,Рассказывай,indetermine
551,Что происходит,news
552,Что слышно,news
553,Что новенького,news
554,Новости,news
555,Ты любишь киберспорт,games
556,Ты любишь баскетбол,games
557,Может поиграем,games
558,во что играешь,games
559,Нравятся игры,games
560,Давай поиграем,games
561,Поиграем,games
562,Поиграем во что-нибудь,games
563,Играть любишь,games
564,ты любишь теннис,games
565,Ты любишь футбол,games
566,часто играешь,games
567,Сыграем,games
568,Играешь,games
569,Хочешь поиграть,games
570,Ты любишь хоккей,games
571,Давай сыграем в игру,games
572,Поиграть хочешь,games
573,Играешь в игры,games
574,Я хочу получить скидку,discount
575,Скидка,discount
576,Сколько можете уступить,discount
577,А скидки есть,discount
578,Как закрыть аккаунт и удалить все данные,сlosing_account
579,Закрыть учётную запись,сlosing_account
580,Как закрыть учётную запись,сlosing_account
581,Удалить аккаунт,сlosing_account
582,Как закрыть учётку,сlosing_account
583,Как отключить учётную запись,сlosing_account
584,Как погода?,weather
585,Что за окном,weather
586,Как погода,weather
587,Какая погода,weather
588,Там холодно,weather
589,Как погодка,weather
590,Сегодня тепло,weather
591,Какая сегодня погода?,weather
592,Какое время года ты любишь,weather
593,Где узнать погоду,weather
594,подскажите погоду,weather
595,Какая сегодня температура,weather
596,Прогноз погоды,weather
597,Какая сегодня темпераутра,weather
598,расскажи о погоде,weather
599,Что ты думаешь о погоде,weather
600,Холодрыга какая,weather
601,Сегодня холодно?,weather
602,какая сейчас погода,weather
603,Погодные условия,weather
604,Идет ли сейчас дождь,weather
605,Погода,weather
606,погода,weather
607,Будет дождь,weather
608,Погода на завтра,weather
609,Там тепло,weather
610,какая погода,weather
611,Сегодня холодно или жарко,weather
612,Что за окном?,weather
613,Какая сегодня погода,weather
614,Погода в моём городе,weather
615,It is a Beautiful day for a walk?,weather
616,Какая температура,weather
617,Что сегодня с погодой,weather
618,Какая сейчас погода,weather
619,Идет дождь?,weather
620,Как сейчас на улице,weather
621,Какая погода на улице,weather
622,what`s the weather like today?,weather
623,Сейчас холодно?,weather
624,Сколько сегодня градусов,weather
625,Сколько градусов на улице,weather
626,погода на завтра,weather
627,Какая погода?,weather
628,Что за бортом,weather
629,What`s it like outside?,weather
630,Сейчас тепло?,weather
631,Что на улице,weather
632,Как там на улице,weather
633,Что по погоде,weather
634,У тебя есть домашний питомец,pet
635,У тебя есть домашнее животное,pet
636,У тебя есть питомец,pet
637,Какое у тебя домашнее животное,pet
638,Посмотреть фильм,film
639,Какое кино посмотреть,film
640,Посоветуйте кино,film
641,Что посмотреть,film
642,Интересный фильм,film
643,Посоветуйте фильм,film
644,Какой фильм посмотреть,film
645,Хочу в кино,film
646,Кто ты?,name_questions
647,Мы знакомы?,name_questions
648,У тебя есь имя?,name_questions
649,Давай познакомимся,name_questions
650,Как тебя зовут,name_questions
651,Ты умеешь говорить?,can_questions
652,Что ты умеешь,can_questions
653,Зачем ты здесь?,todo_questions
654,Ты хочешь поговорить?,todo_questions
655,Кто тебя написал,whos_questions
656,Чей ты?,whos_questions
657,Кто тебя создал?,whos_questions
658,ты глупый,bad_questions
659,Ты тупой,bad_questions
660,Больше ничего не умеешь?,bad_questions
661,Как улучшить настроение,mood_questions
662,Мне грустно,mood_questions
663,Как поднять настроение,mood_questions
664,Мне скучно,mood_questions
665,Какие языки ты знаешь,lang_questions
666,Ты говоришь только по-русски,lang_questions
667,На каких языках ты говоришь,lang_questions
668,Как жизнь?,whatsup
669,Как оно?,whatsup
670,Как сам,whatsup
671,Чо как?,whatsup
672,Как дела?,whatsup
673,Как настроение,whatsup
674,Что нового,whatsup
675,Как жизнь,whatsup
676,Че как,whatsup
677,Как поживаешь?,whatsup
678,Все хорошо?,whatsup
679,Как дела,whatsup
680,Как сам?,whatsup
681,Как ты,whatsup
682,Как поживаешь,whatsup
683,Любишь музыку?,music
684,Что слушаешь,music
685,Что слушаешь?,music
686,Какую музыку мне послушать,music
687,Порекомендуй что послушать,music
688,Какая музыка тебе нравится,music
689,Какая музыка сейчас популярна,music
690,Какую музыку слушаешь,music
691,Какая музыка нравится?,music
692,Что мне послушать,music
693,Что можно послушать из музыки,music
694,Какая тебе нравится музыка?,music
695,Какая музыка нравится,music
696,Какую любишь музыку,music
697,Какой лучший подарок,gifts
698,Что подарить на новый год,gifts
699,Помоги выбрать подарок другу,gifts
700,Какой выбрать подарок,gifts
701,Геленджик,cities
702,Новокузнецк,cities
703,Пенза,cities
704,Ставрополь,cities
705,Элиста,cities
706,Долгопрудный,cities
707,Вологда,cities
708,Краснокамск,cities
709,Россошь,cities
710,Балашиха,cities
711,Брянск,cities
712,Когалым,cities
713,Лениногорск,cities
714,Курск,cities
715,Керчь,cities
716,Ульяновск,cities
717,Краснотурьинск,cities
718,Казань,cities
719,Великий Новгород,cities
720,Жуковский,cities
721,Щекино,cities
722,Димитровград,cities
723,Рославль,cities
724,Апатиты,cities
725,Ханты-Мансийск,cities
726,Троицк,cities
727,Кстово,cities
728,Клин,cities
729,Клинцы,cities
730,Йошкар-Ола,cities
731,Тверь,cities
732,Кострома,cities
733,Белово,cities
734,Ухта,cities
735,Юрга,cities
736,Бор,cities
737,Северск,cities
738,Сызрань,cities
739,Лобня,cities
740,Мелеуз,cities
741,Севастополь,cities
742,Тихвин,cities
743,Азов,cities
744,Шали,cities
745,Гуково,cities
746,Черкесск,cities
747,Белебей,cities
748,Нижний Новгород,cities
749,Самара,cities
750,Стерлитамак,cities
751,Минусинск,cities
752,Старица,cities
753,Междуреченск,cities
754,Ейск,cities
755,Каспийск,cities
756,Ногинск,cities
757,Ростов-на-Дону,cities
758,Наро-Фоминск,cities
759,Сосновый Бор,cities
760,Новомосковск,cities
761,Нижнекамск,cities
762,Зеленодольск,cities
763,Краснокаменск,cities
764,Чапаевск,cities
765,Сертолово,cities
766,Солнечногорск,cities
767,Назрань,cities
768,Норильск,cities
769,Муром,cities
770,Воронеж,cities
771,Махачкала,cities
772,Кирово-Чепецк,cities
773,Лесосибирск,cities
774,Лыткарино,cities
775,Искитим,cities
776,Омск,cities
777,Альметьевск,cities
778,Уфа,cities
779,Салават,cities
780,Сарапул,cities
781,Армавир,cities
782,Липецк,cities
783,Нефтекамск,cities
784,Выкса,cities
785,Пермь,cities
786,Одинцово,cities
787,Чистополь,cities
788,Красногорск,cities
789,Соликамск,cities
790,Хабаровск,cities
791,Глазов,cities
792,Рубцовск,cities
793,Ялта,cities
794,Находка,cities
795,Каменск-Шахтинский,cities
796,Георгиевск,cities
797,Улан-Удэ,cities
798,Ижевск,cities
799,Ишимбай,cities
800,Волжский,cities
801,Вязьма,cities
802,Назарово,cities
803,Королев,cities
804,Калуга,cities
805,Вольск,cities
806,Кызыл,cities
807,Нижневартовск,cities
808,Каменск-Уральский,cities
809,Новошахтинск,cities
810,Хасавюрт,cities
811,Саранск,cities
812,Балашов,cities
813,Псков,cities
814,Гудермес,cities
815,Сальск,cities
816,Новокуйбышевск,cities
817,Евпатория,cities
818,Березовский (Свердловская область),cities
819,Арсеньев,cities
820,Орел,cities
821,Михайловка,cities
822,Обнинск,cities
823,Нерюнгри,cities
824,Архангельск,cities
825,Батайск,cities
826,Заречный,cities
827,Петропавловск-Камчатский,cities
828,Первоуральск,cities
829,Крымск,cities
830,Анапа,cities
831,Алексин,cities
832,Ступино,cities
833,Белореченск,cities
834,Киров,cities
835,Славянск-на-Кубани,cities
836,Сыктывкар,cities
837,Мичуринск,cities
838,Дербент,cities
839,Киселевск,cities
840,Чита,cities
841,Новоалтайск,cities
842,Анжеро-Судженск,cities
843,Бийск,cities
844,Грозный,cities
845,Прокопьевск,cities
846,Чехов,cities
847,Кузнецк,cities
848,Чебоксары,cities
849,Владимир,cities
850,Южно-Сахалинск,cities
851,Новочебоксарск,cities
852,Северодвинск,cities
853,Волгодонск,cities
854,Волгоград,cities
855,Серов,cities
856,Верхняя Пышма,cities
857,Якутск,cities
858,Полевской,cities
859,Кисловодск,cities
860,Серпухов,cities
861,Новочеркасск,cities
862,Ишим,cities
863,Реутов,cities
864,Тольятти,cities
865,Кемерово,cities
866,Котлас,cities
867,Таганрог,cities
868,Подольск,cities
869,Кунгур,cities
870,Ноябрьск,cities
871,Калининград,cities
872,Магадан,cities
873,Кинешма,cities
874,Старый Оскол,cities
875,Феодосия,cities
876,Елабуга,cities
877,Туймазы,cities
878,Люберцы,cities
879,Ленинград,cities
880,Выборг,cities
881,Усть-Илимск,cities
882,Уссурийск,cities
883,Невинномысск,cities
884,Воркута,cities
885,Симферополь,cities
886,Саров,cities
887,Череповец,cities
888,Комсомольск-на-Амуре,cities
889,Фрязино,cities
890,Магнитогорск,cities
891,Ярославль,cities
892,Мытищи,cities
893,Буйнакск,cities
894,Ленинск-Кузнецкий,cities
895,Кропоткин,cities
896,Энгельс,cities
897,Домодедово,cities
898,Орехово-Зуево,cities
899,Лабинск,cities
900,Сибай,cities
901,Красноярск,cities
902,Железногорск (Красноярский край),cities
903,Ревда,cities
904,Новосибирск,cities
905,Астрахань,cities
906,Рязань,cities
907,Пушкино,cities
908,Нефтеюганск,cities
909,Камышин,cities
910,Горно-Алтайск,cities
911,Нижний Тагил,cities
912,Новый Уренгой,cities
913,Ангарск,cities
914,Ржев,cities
915,Дзержинск,cities
916,Новороссийск,cities
917,Рыбинск,cities
918,Копейск,cities
919,Донской,cities
920,Тобольск,cities
921,Екатеринбург,cities
922,Москва,cities
923,Оренбург,cities
924,Краснозаводск,cities
925,Павловский Посад,cities
926,Химки,cities
927,Тимашевск,cities
928,Всеволожск,cities
929,Братск,cities
930,Павлово,cities
931,Набережные Челны,cities
932,Белорецк,cities
933,Ессентуки,cities
934,Златоуст,cities
935,Ивантеевка,cities
936,Шахты,cities
937,Тула,cities
938,Великие Луки,cities
939,Видное,cities
940,Озерск (Челябинская область),cities
941,Егорьевск,cities
942,Щелково,cities
943,Канск,cities
944,Буденновск,cities
945,Шуя,cities
946,Артем,cities
947,Раменское,cities
948,Миасс,cities
949,Жигулевск,cities
950,Урус-Мартан,cities
951,Сергиев Посад,cities
952,Тамбов,cities
953,Боровичи,cities
954,Балаково,cities
955,Биробиджан,cities
956,Коломна,cities
957,Владикавказ,cities
958,Нягань,cities
959,Узловая,cities
960,Новоуральск,cities
961,Новотроицк,cities
962,Минеральные Воды,cities
963,Курган,cities
964,Борисоглебск,cities
965,Сочи,cities
966,Михайловск (Ставропольский край),cities
967,Нальчик,cities
968,Барнаул,cities
969,Волжск,cities
970,Арзамас,cities
971,Зеленогорск,cities
972,Октябрьский,cities
973,Прохладный,cities
974,Питер,cities
975,Дубна,cities
976,Губкин,cities
977,Асбест,cities
978,Усолье-Сибирское,cities
979,Дмитров,cities
980,Владивосток,cities
981,Орск,cities
982,Кириши,cities
983,Смоленск,cities
984,Черногорск,cities
985,Ковров,cities
986,Березники,cities
987,Бузулук,cities
988,Избербаш,cities
989,Гатчина,cities
990,Железногорск,cities
991,Елец,cities
992,Воскресенск,cities
993,Тюмень,cities
994,Пятигорск,cities
995,Сургут,cities
996,Ачинск,cities
997,Мурманск,cities
998,Томск,cities
999,Бердск,cities
1000,Черемхово,cities
1001,Санкт-Петербург,cities
1002,Белгород,cities
1003,Иркутск,cities
1004,Электросталь,cities
1005,Чайковский,cities
1006,Воткинск,cities
1007,Урюпинск,cities
1008,Лысьва,cities
1009,Петрозаводск,cities
1010,Иваново,cities
1011,Тихорецк,cities
1012,Балахна,cities
1013,Лиски,cities
1014,Кумертау,cities
1015,Бугульма,cities
1016,Краснодар,cities
1017,Александров,cities
1018,Белогорск (Амурская область),cities
1019,Туапсе,cities
1020,Гусь-Хрустальный,cities
1021,Челябинск,cities
1022,Саратов,cities
1023,Благовещенск,cities
1024,Шадринск,cities
1025,Свободный,cities
1026,Майкоп,cities
1027,Рыбы,constellation
1028,Сектант,constellation
1029,Южный реугольник,constellation
1030,Малый Лев,constellation
1031,Центавр,constellation
1032,Дракон,constellation
1033,Голубь,constellation
1034,Насос,constellation
1035,Весы,constellation
1036,Чаша,constellation
1037,Феникс,constellation
1038,Козерог,constellation
1039,Малый Конь,constellation
1040,Тукан,constellation
1041,Персей,constellation
1042,Телескоп,constellation
1043,Южная Гидра,constellation
1044,Рак,constellation
1045,Столовая Гора,constellation
1046,Октант,constellation
1047,Большая медведица,constellation
1048,Райская Птица,constellation
1049,Геркулес,constellation
1050,Микроскоп,constellation
1051,Близнецы,constellation
1052,Гончие Псы,constellation
1053,Волосы Вероники,constellation
1054,Резец,constellation
1055,Летучая Рыба,constellation
1056,Северная Корона,constellation
1057,Андромеда,constellation
1058,Живописец,constellation
1059,Кит,constellation
1060,Крест,constellation
1061,Малая медведица,constellation
1062,Ящерица,constellation
1063,Паруса,constellation
1064,Южный Крест,constellation
1065,Скульптор,constellation
1066,Треугольник,constellation
1067,Стрелец,constellation
1068,Жертвенник,constellation
1069,Гидра,constellation
1070,Цефей,constellation
1071,Большой Пёс,constellation
1072,Южная Корона,constellation
1073,Компас,constellation
1074,Скорпион,constellation
1075,Индеец,constellation
1076,Павлин,constellation
1077,Стрела,constellation
1078,Кассиопея,constellation
1079,Телец,constellation
1080,Часы,constellation
1081,Волопас,constellation
1082,Пегас,constellation
1083,Щит,constellation
1084,Ворон,constellation
1085,Орион,constellation
1086,Журавль,constellation
1087,Заяц,constellation
1088,Возничий,constellation
1089,Циркуль,constellation
1090,Дельфин,constellation
1091,Малый Пёс,constellation
1092,Лисичка,constellation
1093,Муха,constellation
1094,Корма,constellation
1095,Змееносец,constellation
1096,Волк,constellation
1097,Лебедь,constellation
1098,Печь,constellation
1099,Водолей,constellation
1100,Змея,constellation
1101,Жираф,constellation
1102,Лира,constellation
1103,Эридан,constellation
1104,Единорог,constellation
1105,Наугольник,constellation
1106,Золотая Рыба,constellation
1107,Орёл,constellation
1108,Рысь,constellation
1109,Овен,constellation
1110,Дева,constellation
1111,Сетка,constellation
1112,Лев,constellation
1113,Хамелион,constellation
1114,Киль,constellation
1115,защита Каро–Канн,chess
1116,Итальянская партия,chess
1117,Голландская защита,chess
1118,Игра четырёх коней,chess
1119,Детский мат,chess
1120,Французская защита,chess
1121,Каталонское начало,chess
1122,Королевский гамбит,chess
1123,Сицилианская защита,chess
1124,Венская партия,chess
1125,Новоиндийская защита,chess
1126,Английское начало,chess
1127,защита Нимцовича,chess
1128,Староиндийская защита,chess
1129,Староиндийская атака,chess
1130,Защита Бенони,chess
1131,защита Пирца-Уфимцева,chess
1132,защита Рюи Лопеса,chess
1133,Ферзевый гамбит,chess
1134,защита Алехина,chess
1135,защита Грюнфельда,chess
1136,Испанская партия,chess
1137,"Подскажи, как переводится: «I want you»?",byflood
1138,Ты любишь деньги?,byflood
1139,Чего тебе в жизни не хватает?,byflood
1140,Ты из какой сказки?,byflood
1141,На учебу ходила?,byflood
1142,"Тебе нравится получать подарки, или приятней дарить их?",byflood
1143,Разве можем мы друг без друга?,byflood
1144,Хочу выпить,byflood
1145,Что делаешь,byflood
1146,Как тебя зовут,byflood
1147,Какой у тебя был самый яркий момент в жизни?,byflood
1148,У тебя какой любимый цветок?,byflood
1149,Ты уверенный в себе человек?,byflood
1150,Ты бы сняла свой секс за деньги?,byflood
1151,Что тебя больше всего рассмешило за прошедшую неделю/ месяц?,byflood
1152,Занимаешься спортом? Каким? Как часто?,byflood
1153,Тебя никто не обижает?,byflood
1154,Любишь мечтать? О чем мечтаешь?,byflood
1155,Поболтаем,byflood
1156,Ты веришь в любовь с первого взгляда?,byflood
1157,Ты обещаешь не врать друг другу никогда?,byflood
1158,Мне скучно,byflood
1159,Скажи что-нибудь,byflood
1160,"Сегодня гадал на ромашке (любит, не любит). И отгадай что выпало?",byflood
1161,Ты где и с кем новый год встречать будешь?,byflood
1162,Давай познакомимся,byflood
1163,Что выберешь: деньги или любовь?,byflood
1164,Ты слышала что ради тебя я бросил бывшую?,byflood
1165,Сколько тебе лет,byflood
1166,"Ты вроде есть в книге рекордов Гиннеса, как самая красивая девушка. Это правда?",byflood
1167,А я сексуальный?,byflood
1168,Научить тебя делать шашлыки?,byflood
1169,Ты на каком курсе учишься?,byflood
1170,А ты когда-нибудь ходила по городу всю ночь?,byflood
1171,Жалеешь о чем-нибудь в своей жизни?,byflood
1172,Слышала меня сегодня по радио Романтика? Я говорил о тебе.,byflood
1173,"Сериалы, которые ты любишь смотреть?",byflood
1174,У тебя есть эротическое белье?,byflood
1175,"Почему все хотят, чтобы я хотел того, чего хотят они, и никто не хочет хотеть того, чего хочу я?",byflood
1176,Хочешь поскакать на лошадке?,byflood
1177,Хочешь выучить какой-нибудь иностранный язык?,byflood
1178,Дорогая в каком стиле будем наш дом?,byflood
1179,Ты хоть раз выигрывала в карты на раздевание?,byflood
1180,Как оценишь по шкале от 1 до 10 свою неадекватность?,byflood
1181,"Хочешь научиться танцевать танго (фламенко, ча ча ча)?",byflood
1182,"Какой звук тебе нравится? Звук горящего камина в доме, или может звук природы в лесу?",byflood
1183,У тебя было когда-нибудь желание уйти в монастырь?,byflood
1184,Ты когда-нибудь мучилась от любви?,byflood
1185,Веришь в настоящую любовь? Почему?,byflood
1186,Отгадай чем ты меня заинтересовала?,byflood
1187,Ты владеешь языком по-французски?,byflood
1188,Нравится танцевать? Почему? Какие танцы нравятся?,byflood
1189,Как относишься к нудисткому пляжу?,byflood
1190,Во время секса… о чем ты думаешь?,byflood
1191,"Если кто-то будет писать о тебе книгу, то какое название у нее будет?",byflood
1192,Оружие в руках хоть раз держала?,byflood
1193,Как думаешь романтично будет заняться любовью на берегу моря?,byflood
1194,Хотела бы ты прославиться?,byflood
1195,"Если бы тебе подарили бесплатный билет на самолёт, куда бы ты полетела?",byflood
1196,Сколько языков ты знаешь? Какие хотела бы еще выучить? Почему?,byflood
1197,Как ты назовешь своих детей?,byflood
1198,Кока-кола или Пепси?,byflood
1199,"У тебя винда не косячит? А то я бы мог тебе ее переустановить, за бесплатно.",byflood
1200,Какое твое любимое время года?,byflood
1201,Ты наверное ходишь в солярий?,byflood
1202,Какое обычно у тебя утром настроение?,byflood
1203,Как ты называешь свои интимные места?,byflood
1204,А ты мальчик или девочка,byflood
1205,Что ты подаришь мне на 23 февраля?,byflood
1206,Ты любишь загарать? Топлес?,byflood
1207,Наверное тоже ждешь принца на белом коне?,byflood
1208,"Ты творческий человек? Почему так считаешь? Если да, то, что играет в роли твоей музы?",byflood
1209,Ты смотришь телевизор?,byflood
1210,Хочешь я скажу на всех языках мира какая ты красивая?,byflood
1211,Ты вегетарианка?,byflood
1212,Умеешь рисовать?,byflood
1213,Твое любимое женское и мужское имя?,byflood
1214,"Где так загорела, как шоколадка?",byflood
1215,Какой фильм ты можешь смотреть снова и снова?,byflood
1216,Матом часто ругаешься?,byflood
1217,И каково же чувствовать себя самой прекрасной девушкой в городе?,byflood
1218,Ты хочешь остаться такой молодой и красивой навсегда?,byflood
1219,О чём ты мечтаешь ночью?,byflood
1220,Где находится нофелет?,byflood
1221,Как ты относишься к измене?,byflood
1222,Какую песню ты бы выбрала для описания своей жизни?,byflood
1223,Фитнесом занимаешься?,byflood
1224,Стакан наполовину пуст или наполовину полон?,byflood
1225,Любишь маленьких детей?,byflood
1226,Ты простишь меня если я тебе случайно изменю?,byflood
1227,Давай сделаем это сейчас! Готова?,byflood
1228,Как лето проводишь (будешь проводить)?,byflood
1229,Насколько ты считаешь себя собранной? В квартире твоей беспорядок?,byflood
1230,Не тебя ли я видел на обложке Playboy?,byflood
1231,Я собираюсь снимать фильм про любовь. Хочешь сняться?,byflood
1232,Какое твое любимое блюдо?,byflood
1233,Что ты выбираешь: Спонтанность или стабильность?,byflood
1234,Есть сестра или брат?,byflood
1235,"Если бы тебе осталось жить один час, чтобы ты сделала?",byflood
1236,Ты когда-нибудь прыгала с парашютом?,byflood
1237,"Если я позову на помощь, придешь?",byflood
1238,"Почему заниматься сексом можно с 16 лет, а курить с 18?",byflood
1239,"Если бы я был съедобный, что бы ты съела у меня?",byflood
1240,Веришь в знаки зодиака? Какой твой?,byflood
1241,Транзистор,electronics
1242,разъем,electronics
1243,Микросхема,electronics
1244,Конденсатор,electronics
1245,катушка индуктивности,electronics
1246,шаговый искатель,electronics
1247,Диод,electronics
1248,лампы,electronics
1249,рэле,electronics
1250,Резистор,electronics
1251,Что ты умеешь,skills
1252,Где ты научился болтать по-человечески,skills
1253,можешь подсказать,skills
1254,что ты умеешь,skills
1255,Что ты можешь,skills
1256,Какими навыками ты обладаешь,skills
1257,Как ты работаешь,skills
1258,чем можешь помочь,skills
1259,какие варианты,skills
1260,Как ты понимаешь человеческую речь,skills
1261,Отвратительно,reactions_to_bad_feelings
1262,Плохо,reactions_to_bad_feelings
1263,Восхитительно,reactions_to_good_feelings
1264,Хорошо,reactions_to_good_feelings
1265,Какого ты пола?,gender
1266,Пол,gender
1267,Ты он или она?,gender
1268,ты парень или девушка,gender
1269,Какого ты пола,gender
1270,Бот - это мужчина или женщина?,gender
1271,Ты мальчик или девочка,gender
1272,какого ты пола,gender
1273,Ты мальчик или девочка?,gender
1274,что делаешь?,what_are_you_doing
1275,что делаешь,what_are_you_doing
1276,чем занимаешься,what_are_you_doing
1277,что ты делаешь сейчас?,what_are_you_doing
1278,чем занят,what_are_you_doing
1279,Здрасте,hellozdr
1280,Здрасьте,hellozdr
1281,Как добавить nltk,howtonlkt
1282,Как установить nltk,howtonlkt
1283,Как добавить модуль nltk,howtonlkt
1284,порекомендуй книги по питону,pythonbooks
1285,книги по питону,pythonbooks
1286,книги по python,pythonbooks
1287,порекомендуй книги по python,pythonbooks
1288,Как сам,howareyou
1289,Как чувствуешь себя,howareyou
1290,че как,howareyou
1291,как дела,howareyou
1292,Как делишки,howareyou
1293,Как дела?,howareyou
1294,Что по здоровью,howareyou
1295,Че как?,howareyou
1296,Что делаешь?,howareyou
1297,как ты?,howareyou
1298,Всё хорошо,howareyou
1299,Как делишки у иммунитета,howareyou
1300,как твои дела?,howareyou
1301,Как дела,howareyou
1302,Как ты,howareyou
1303,Как поживаешь,howareyou
1304,какой редактор использовать,pythoneditor
1305,в каком редакторе писать код,pythoneditor
1306,где писать код,pythoneditor
1307,в какой программе писать код,pythoneditor
1308,что такое анаконда,whatispython
1309,что такое python,whatispython
1310,что такое anaconda,whatispython
1311,что такое питон,whatispython
1312,что за анаконда,whatispython
1313,вы слышите меня,banderlogi
1314,"вы слышите меня, бандерлоги",banderlogi
1315,что такое intent,whatisintent
1316,что такое расстояние левенштейна,whatislev
1317,расстояние левенштейна,whatislev
1318,левенштейн,whоislev
1319,кто такой левенштейн,whоislev
1320,Хочу катнуть,game
1321,Давай с играем,game
1322,Во что поиграть,game
1323,Поиграем,game
1324,Во что покатать,game
1325,Играть,game
1326,Новые игры есть?,game
1327,игры 2020,game
1328,Понеслась,game
1329,Хочу кушать,food
1330,Где поесть,food
1331,Какую еду заказать,food
1332,Что бы поесть,food
1333,Я голоден,food
1334,Подработка,work
1335,Хочу другую работу,work
1336,Работ для студентов,work
1337,Найти работу,work
1338,Мне так одиноко,feel_bad
1339,Нет настроения,feel_bad
1340,Я устал,feel_bad
1341,Мне грустно,feel_bad
1342,Уныло чет,feel_bad
1343,Что расскажешь,some_question
1344,Расскажи что-нибудь,some_question
1345,Скучнаааа,some_question
1346,Расскажи что нибудь,some_question
1347,Мне скучно,some_question
1348,Задумай цифру,digit_guess
1349,Загадай число,digit_guess
1350,число от 0 до 9,digit_guess
1351,хочу сказку,fables
1352,расскажи что-нибудь,fables
1353,Расскажи сказку,fables
1354,Утюг не греет,not_working
1355,лампа не светит,not_working
1356,чайник не кипятит,not_working
1357,телевизор не показывает,not_working
1358,как согреться,cold
1359,мне холодно,cold
1360,что-то холодает,cold
1361,я замерз,cold
1362,?,Iminterestin
1363,Подскажи,Iminterestin
1364,Порекоммендуй,Iminterestin
1365,Памоги,Iminterestin
1366,Хочу спросить,Iminterestin
1367,Можешь помочь,Iminterestin
1368,Расскажи,Iminterestin
1369,Поскажи,Iminterestin
1370,Раскажи,Iminterestin
1371,Памаги,Iminterestin
1372,ПорекомендуйПосоветуй,Iminterestin
1373,По советуй,Iminterestin
1374,Пасаветуй,Iminterestin
1375,Скажи,Iminterestin
1376,Помоги,Iminterestin
1377,Что ты умеешь,Whatcan
1378,ты можешь,Whatcan
1379,какие твои способности,Whatcan
1380,для чего ты,Whatcan
1381,Что еще ты умеешь,Whatcan
1382,ты умеешь,Whatcan
1383,о себе,Whatcan
1384,Какие твои умения,Whatcan
1385,что ты можешь,Whatcan
1386,не хочу говорить с ботом,callhuman
1387,Позовите оператора,callhuman
1388,Позовите человека,callhuman
1389,Пошути,joke
1390,Расскажи анекдот,joke
1391,Скажи анекдот,joke
1392,Анекдот,joke
1393,расскажи анекдот,joke
1394,Шутка,joke
1395,Хочу смеяться,joke
1396,Расскажи шутку,joke
1397,рассмеши меня,joke
1398,как поживаешь,howru
1399,Как дела,howru
1400,Как ты,howru
1401,Как твое самочувствие,howru
1402,Что с долларом,currency
1403,Сколько рублей стоит доллар,currency
1404,Какой курс доллара,currency
1405,Я устал,motivation
1406,Мне грустно,motivation
1407,"Я не знаю, как со всем справиться",motivation
1408,Все надоело,motivation
1409,Ты лучший бот,emotion
1410,Очень приятно,emotion
1411,Я очень рад,emotion
1412,Спасибо,emotion
1413,Сладких снов,sleep
1414,Спокойной ночи,sleep
1415,Сладких,sleep
1416,Я спать,sleep
1417,Доброй ночи,sleep
1418,Люблю,i_love_you
1419,Мое сердце занято тобой,i_love_you
1420,Люблю тебя,i_love_you
1421,"Ты лучше, чем балтика девятка",i_love_you
1422,Доброго утречка,morning
1423,Утречко,morning
1424,Доброе утро,morning
1425,Доброе утрое,morning
1426,Страшно,danger
1427,Мне страшно,danger
1428,Боюсь,danger
1429,Успокой меня,danger
1430,Чем себя занять,what_to_do
1431,Чем бы заняться,what_to_do
1432,Чего бы поделать,what_to_do
1433,Что делать,what_to_do
1434,Что поделать,what_to_do
1435,Чем заняться,what_to_do
1436,Скучно,what_to_do
1437,Зачем тебя создали?,destination
1438,Кто ты?,destination
1439,Что ты,destination
1440,Что ты умеешь?,destination
1441,а ты ничего!,compliment
1442,Вау! наконец я все понял,compliment
1443,Комплимент,compliment
1444,Похвали меня,compliment
1445,Скажи что-то приятное,compliment
1446,Польсти мне,compliment
1447,ты крут,compliment
1448,Вебинар огонь!,compliment
1449,Настроение,bot_mood
1450,Чувства,bot_mood
1451,Как себя чувствуешь?,bot_mood
1452,Как твое настроение?,bot_mood
1453,Как ты?,bot_mood
1454,что ты,about_you
1455,расскажи о себе,about_you
1456,Как тебя зовут,about_you
1457,кто ты,about_you
1458,что ты можешь,about_you
1459,погода,the_weather
1460,какая погода,the_weather
1461,Ты грустный,mood1
1462,Ты радостный,mood1
1463,Ты веселый,mood1
1464,Ты веселая,mood1
1465,Ты женщина,what gender are you
1466,Ты парень,what gender are you
1467,Какого ты пола,what gender are you
1468,Ты девушка,what gender are you
1469,Ты мужчина,what gender are you
1470,Как тебя зовут?,what is your name
1471,Твое имя,what is your name
1472,У тебя есть имя?,what is your name
1473,На чём ты создан?,choice
1474,Как тебя сделали?,choice
1475,Как тебя создали?,choice
1476,На чём ты создана,choice
1477,Иди на хуй,bye_obscene
1478,Как же ты заебал,bye_obscene
1479,Иди в пизду,bye_obscene
1480,Да пошел ты,bye_obscene
1481,Съебись,bye_obscene
1482,Пошел в пизду,bye_obscene
1483,Иди на хер,bye_obscene
1484,Отъебись,bye_obscene
1485,Заебали,bye_obscene
1486,Пошел в жопу,bye_obscene
1487,Пошел нахуй,bye_obscene
1488,Пошел на хер,bye_obscene
1489,Сука,obscene
1490,Нахуй,obscene
1491,На хуй,obscene
1492,Хуясе,obscene
1493,Хуета,obscene
1494,Ебать,obscene
1495,Бля,obscene
1496,Долбоеб,obscene
1497,Хуй,obscene
1498,Пизда,obscene
1499,У меня не получается,call_to_support
1500,Ой все,call_to_support
1501,Не отправляется,call_to_support
1502,У меня сломалось,call_to_support
1503,Не загружается,call_to_support
1504,Не формируется,call_to_support
1505,Не запускается,call_to_support
1506,Не отображается,call_to_support
1507,Как к вам приехать,locations
1508,Куда приходить,locations
1509,ваш фактический адрес,locations
1510,Где вы находитесь,locations
1511,Где Ваш офис,locations
1512,Куда приехать,locations
1513,Как до вас добраться,locations
1514,Нет,no
1515,Неа,no
1516,Ни за что,no
1517,не не не,no
1518,Никогда,no
1519,"Думаю, что да",yes
1520,Ага,yes
1521,Естесственно,yes
1522,Абсолютно верно,yes
1523,"Скорее да, чем нет",yes
1524,Угу,yes
1525,Да,yes
1526,Конечно,yes
1527,Возможно,yes
1528,мне нечем заняться,Boring
1529,мне нечего делать,Boring
1530,Что мне делать,Boring
1531,что поделать,Boring
1532,чем бы мне занятся,Boring
1533,Мне скучно,Boring
1534,Всё бессмысленно,Pointless
1535,Чувствую себе подавленно,Pointless
1536,Моя жизнь не имеет смысла,Pointless
1537,Ненавижу жизнь,Pointless
1538,У меня депрессия,Pointless
1539,Пошути,Joke
1540,Расскажи анекдот,Joke
1541,Где ключи от танка?,Joke
1542,Порадуй меня,Joke
1543,Анекдот,Joke
1544,Мы,Joke
1545,Шутка,Joke
1546,Развлеки меня,Joke
1547,Расскажи смешнявку,Joke
1548,Развесели меня,Joke
1549,Расскажи шутку,Joke
1550,"Проснись, потолок падает",Joke
1551,Прикол,Joke
1552,В чем разница между уткой?,Joke
1553,истина о вархаммере,Warhammer
1554,вархаммер,Warhammer
1555,рассвет войны,Warhammer
1556,тау,Warhammer
1557,Баланс,Warhammer
1558,Кто имба,Warhammer
1559,расскажи про дов,Warhammer
1560,Скайрим,Skyrim
1561,хаммерфелл,Skyrim
1562,неотмеченные места,Skyrim
1563,тес,Skyrim
1564,поясни за тес6,Skyrim
1565,древние свитки,Skyrim
1566,отсылки,Skyrim
1567,расскажи про свитки,Skyrim
1568,секреты,Skyrim
1569,Что ты делаешь?,whatareyoudoing
1570,Что делаешь,whatareyoudoing
1571,Чем занят,whatareyoudoing
1572,Чем занимаешься,whatareyoudoing
1573,Чем ты занимаешься?,whatareyoudoing
1574,Чем любишь заниматься,whatareyouloving
1575,Чем увлекаешься,whatareyouloving
1576,Что тебе нравится,whatareyouloving
1577,Что любишь,whatareyouloving
1578,Что ты можешь,skils
1579,Какие у тебя навыки,skils
1580,Что ты умеешь,skils
1581,На что ты способен,skils
1582,Что будешь делать,plans
1583,Какие планы на вечер,plans
1584,Что планиурешь на выходные,plans
1585,Что у вас есть по ИИ?,plans
1586,А какие еще направления есть?,plans
1587,Вы вроде проводите вебинары по ИИ?,plans
1588,Что интересного предложите?,plans
1589,Что будешь делать в пятницу,plans
1590,Где ты находишься,living
1591,Где ты живешь,living
1592,Где ты сейчас,living
1593,помогите?,help
1594,Хелп ми,help
1595,мне нужна помощь,help
1596,Нужна помощь,help
1597,Сколько времени,help
1598,Помоги мне,help
1599,help me?,help
1600,Где я,help
1601,прошу помощи?,help
1602,Можешь помочь мне?,help
1603,Мне нужна помощь специалиста,help
1604,Мне нужна твоя помощь,help
1605,Помоги,help
1606,Укажите путь,help
1607,Какой час,time
1608,Сколько щас,time
1609,Сколько времени,time
1610,Который час,time
1611,Сколько время,time
1612,Мне жаль,sorry
1613,Прости,sorry
1614,Сорян,sorry
1615,Извини,sorry
1616,Я сожалею,sorry
1617,Ага,OK
1618,Подтверждаю,OK
1619,ОК,OK
1620,Согласен,OK
1621,Да,OK
1622,Делай,OK
1623,никогда,NOT_OK
1624,Нет,NOT_OK
1625,Не согласен,NOT_OK
1626,отказано,NOT_OK
1627,ни за что,NOT_OK
1628,исправь,change
1629,измени,change
1630,добавь,change
1631,удали,change
1632,сохрани,save
1633,оставь,save
1634,запиши,save
1635,хочу оставить отзыв,feedback
1636,обратная связь,feedback
1637,как с Вами связаться,feedback
1638,кто ваш босс?,boss
1639,кто ваш начальник?,boss
1640,кому вы подчиняетесь?,boss
1641,в каком регионе работаете?,region
1642,ваша территория?,region
1643,где вы?,region
1644,ваши партнеры?,partner
1645,с кем работаете?,partner
1646,Грац,gratitude
1647,Признателен,gratitude
1648,Спасибочки,gratitude
1649,Мерси,gratitude
1650,Благодарю,gratitude
1651,Спасибо,gratitude
1652,Благодарствую,gratitude
1653,Сенкью,gratitude
1654,Ясно,weather1
1655,Знойно,weather1
1656,Жара,weather1
1657,Жарит,weather1
1658,Жарко,weather1
1659,Безоблачно,weather1
1660,Солнечно,weather1
1661,Холодно,weather2
1662,Пасмурно,weather2
1663,Ненастно,weather2
1664,Зябко,weather2
1665,Дождливо,weather2
1666,Замерзаю,weather2
1667,Мокро,weather2
1668,Ветренно,weather2
1669,how are you?,how
1670,Как здоровье,how
1671,how was your day?,how
1672,Как жизнь,how
1673,How are things?,how
1674,What`s up?,how
1675,How`s everything?,how
1676,You all right?,how
1677,Как дела,how
1678,Как поживаешь,how
1679,Ты не человек?,areyouabot
1680,Ты бот?,areyouabot
1681,Что ты любишь делать?,whatdoyouliketodo
1682,что любишь делать в свободное время,whatdoyouliketodo
1683,Чем ты любишь заниматься?,whatdoyouliketodo
1684,у тебя есть хобби?,whatdoyouliketodo
1685,чем занимаешься в свободное время,whatdoyouliketodo
1686,Кто ты?,whoareyou
1687,Расскажи о себе,whoareyou
1688,Вы что за компания?,whoareyou
1689,Кто ты,whoareyou
1690,Как к тебе обращаться,whoareyou
1691,Для чего ты мне,whoareyou
1692,Как вы называетесь?,whoareyou
1693,Ты кто?,whoareyou
1694,Ты кто,whoareyou
1695,А кто Вы?,whoareyou
1696,С кем я разговариваю,whoareyou
1697,А чем вы занимаетесь?,whoareyou
1698,У вас есть сайт?,whoareyou
1699,сколько стоит хлеб,bread_price
1700,цена хлеба,bread_price
1701,почём хлеб,bread_price
1702,хлеб дорогой,bread_price
1703,сколько варить яйца,boiled_eggs
1704,как сварить яйца,boiled_eggs
1705,варить яйцо,boiled_eggs
1706,как приготовить яйцо,boiled_eggs
1707,я голоден,today_dinner
1708,чем поужинать,today_dinner
1709,хочу есть,today_dinner
1710,что на ужин,today_dinner
1711,что приготовить,today_dinner
1712,хочу кофе,make_coffee
1713,сделать кофе,make_coffee
1714,кофе,make_coffee
1715,как сварить кофе,make_coffee
1716,у тебя есть друзья,best_friend
1717,кто твой друг,best_friend
1718,лучший друг,best_friend
1719,у тебя много друзей,best_friend
1720,Здоровье в порядке?,health
1721,Как сам?,health
1722,Как здоровье?,health
1723,Не болеешь?,health
1724,Мы будем счастливы?,happy
1725,Мне весело!,happy
1726,Счастье есть?,happy
1727,радуюсь,happy
1728,Ты счастлив?,happy
1729,Ты никогда не ошибаешься?,errors
1730,Ты ошибаешься?,errors
1731,Бывают ошибки?,errors
1732,Ты далеко?,where
1733,Где ты?,where
1734,Ты здесь?,where
1735,Что ты можешь,what
1736,Что ты хочешь сказать?,what
1737,Что-то не так?,what
1738,Что  это ты?,what
1739,Кто ты,about
1740,Как к тебе обращаться,about
1741,У тебя есть имя,about
1742,Что ты можешь,about
1743,Функции,about
1744,Навыки,about
1745,Что умеет этот бот,about
1746,Как тебя зовут,about
1747,Твои навыки,about
1748,Дима,name
1749,Виктория,name
1750,Кристина,name
1751,Валентина,name
1752,Саша,name
1753,Виталий,name
1754,Валерия,name
1755,Татьяна,name
1756,Как к тебе обращаться,name
1757,Олеся,name
1758,Как тебя зовут,name
1759,Борис,name
1760,Андрей,name
1761,Светлана,name
1762,Анна,name
1763,Кирилл,name
1764,Валентин,name
1765,Алена,name
1766,Мария,name
1767,Маргарита,name
1768,Раиса,name
1769,Руслан,name
1770,Артур,name
1771,Дарья,name
1772,Георгий,name
1773,Антон,name
1774,Евгений,name
1775,Женя,name
1776,Маша,name
1777,Никита,name
1778,Вячеслав,name
1779,Нина,name
1780,Денис,name
1781,Анастасия,name
1782,Геннадий,name
1783,Егор,name
1784,Анатолий,name
1785,Илья,name
1786,Максим,name
1787,Юля,name
1788,Ирина,name
1789,Яна,name
1790,Евгения,name
1791,Рита,name
1792,Полина,name
1793,Алла,name
1794,Какое у тебя имя,name
1795,Виктор,name
1796,Валерий,name
1797,Софья,name
1798,Екатерина,name
1799,Елена,name
1800,Наталья,name
1801,Вова,name
1802,Инна,name
1803,Вера,name
1804,Эдуард,name
1805,Антонина,name
1806,Лариса,name
1807,Юрий,name
1808,Любовь,name
1809,Галина,name
1810,Ольга,name
1811,Владислав,name
1812,Тимофей,name
1813,Владимир,name
1814,Алексей,name
1815,Петр,name
1816,Надежда,name
1817,Вадим,name
1818,Тим,name
1819,Зинаида,name
1820,Константин,name
1821,Марина,name
1822,Леонид,name
1823,Николай,name
1824,Федор,name
1825,Василий,name
1826,Диана,name
1827,Клавдия,name
1828,Ксения,name
1829,Вероника,name
1830,Дмитрий,name
1831,Юлия,name
1832,Ваня,name
1833,Григорий,name
1834,Станислав,name
1835,Наталия,name
1836,Тамара,name
1837,Артём,name
1838,Сергей,name
1839,Пётр,name
1840,Лилия,name
1841,Арина,name
1842,Игорь,name
1843,Ярослав,name
1844,Лидия,name
1845,Людмила,name
1846,Иван,name
1847,Артем,name
1848,Михаил,name
1849,Александра,name
1850,Лена,name
1851,Елизавета,name
1852,Как вас зовут,name
1853,Оксана,name
1854,Леша,name
1855,Павел,name
1856,Степан,name
1857,Зовут как,name
1858,Алёна,name
1859,Алина,name
1860,Роман,name
1861,Костя,name
1862,Даниил,name
1863,Олег,name
1864,Александр,name
1865,Евдокия,name
1866,Кто ты,name
1867,Зоя,name
1868,Твоё имя,name
1869,Паша,name
1870,Вика,name
1871,Что ты умеешь,experience
1872,Какие вопросы я могу тебе задать,experience
1873,Что ты знаешь,experience
1874,Для чего ты нужен,experience
1875,Давай,main_question
1876,В чем смысл жизни?,main_question
1877,"Какой ответ на главный вопрос жизни, вселенной и всего такого?",main_question
1878,И какой же ответ?,main_question
1879,Откуда ты?,who_are_you
1880,Как тебя зовут?,who_are_you
1881,Ты кто такой?,who_are_you
1882,Чем занимаешься?,who_are_you
1883,Че по чем?,shoping
1884,Сколько стоит эта вещь?,shoping
1885,По чем опиум для народа?,shoping
1886,"А у Вас есть такая же, только с перламутровыми пуговицами?",shoping
1887,Сколько стоит билет до Марса?,voyage
1888,Вы сильно храпите?,voyage
1889,Где находится платформа 9 и 3/4?,voyage
1890,Где находится нафилет?,voyage
1891,Как проехать на вокзал?,voyage
1892,Откуда взялся ковид,question
1893,Какие вопросы ты не любишь,question
1894,Что именно ты не любишь обсуждать,question
1895,Кто виноват?,question
1896,Кто стоит за ковид?,question
1897,У тебя есть запретные темы,question
1898,Кто придумал covid-19,question
1899,Что мы не будет обсуждать,question
1900,Что ты умеешь,possibility
1901,Можешь подскзать,possibility
1902,Чем ты мне можешь помочь,possibility
1903,Какая от тебя польза,possibility
1904,Какие у тебя возможности,possibility
1905,Чем ты можешь быть полезен,possibility
1906,Для чего ты нужен,possibility
1907,Задумчивое лицо,thoughtfulFace
1908,Задумайся,thoughtfulFace
1909,Сделай задумчивое лицо,thoughtfulFace
1910,Сейчас есть пробки,traffic
1911,Уровень загреженности дорог,traffic
1912,Как обстановка на дорогах,traffic
1913,Много ли машин на дороге,traffic
1914,Пробки,traffic
1915,Как Ваши дела?,HRU?v1
1916,Как Ваше настроение?,HRU?v1
1917,Как сами?,HRU?v1
1918,Как Вы поживаете?,HRU?v1
1919,Как твои дела?,HRU?v2
1920,Как дела?,HRU?v2
1921,Как самочувствие?,HIYH?
1922,Не хвораете?,HIYH?
1923,Как здоровье?,HIYH?
1924,Хуже не бывает!,DEPRESSIVEv1
1925,Все плохо!,DEPRESSIVEv1
1926,Ужас что творится!,DEPRESSIVEv1
1927,Не плохо!,POSITIVEv1
1928,Класс!,POSITIVEv1
1929,Хорошо,POSITIVEv1
1930,Отлично!,POSITIVEv1
1931,Норм!,POSITIVEv1
1932,Ништяк!,POSITIVEv1
1933,Какой язык лучше?,PYTHON
1934,Какой лучший язык программирования?,PYTHON
1935,Хочу сделать заказ,order
1936,Я хотел бы сделать заказ,order
1937,Можно сделать заказ?,order
1938,Могу ли я сделать заказ?,order
1939,Я хочу заказать,order
1940,Сколько еще ждать?,waiting time
1941,Скоро?,waiting time
1942,Еще долго ждать?,waiting time
1943,Какое время ожидания?,waiting time
1944,Что приготовить на обед?,cook
1945,Простой рецепт,cook
1946,Что приготовить?,cook
1947,Что приготовить на ужин?,cook
1948,Че делаешь,action
1949,Что делаешь,action
1950,Чем занимаешься,action
1951,Чем занят,action
1952,Где ты находишься,location
1953,Где ты живешь,location
1954,Ты где,location
1955,Что ты умеешь,mission
1956,Зачем ты нужен,mission
1957,Что ты можешь,mission
1958,Скажи триста,300
1959,Скажи что-нибудь,tell
1960,Поболтай со мной,tell
1961,Расскажи что-то,tell
1962,Команада,command
1963,Сделай,command
1964,Твое имя,question_name
1965,Кто ты,question_name
1966,Ты?,question_name
1967,Как тебя зовут,question_name
1968,Как дела,question_how_are_you
1969,Как поживаешь,question_how_are_you
1970,как ты,question_how_are_you
1971,Как настроение,question_how_are_you
1972,Что можешь делать,question_can
1973,Что умеешь,question_can
1974,Бот,appeal
1975,Ты,appeal
1976,Эй,appeal
1977,Как дела,business
1978,Как работа бота,business
1979,Каково быть ботом,business
1980,Расскажи о себе,about you
1981,Что ты такое,about you
1982,Чего ты хочешь,desires
1983,У тебя есть мечта,desires
1984,Боты имеют мечты,desires
1985,по рюмочке,drink_to
1986,накатим,drink_to
1987,давай выпьем,drink_to
1988,ещё по одной,drink_to
1989,"ну, хлопнем",drink_to
1990,как самочувствие,feeling
1991,как настроение,feeling
1992,как дела,feeling
1993,как здоровье,feeling
1994,отстань,who
1995,Кто ты,who
1996,а ты откуда взялся,who
1997,ты кто,who
1998,что надо,who
1999,вперед,todo
2000,давай,todo
2001,помоги,todo
2002,хорошо,todo
2003,кто это?,identity
2004,Что ты такое,identity
2005,с кем я говорю?,identity
2006,ты бот?,identity
2007,Кто ты,identity
2008,Как тебя называть,identity
2009,вы человек?,identity
2010,ты человек?,identity
2011,вы бот?,identity
2012,Ты кто,identity
2013,Как тебя зовут,identity
2014,Как твое имя,identity
2015,что вы можете сделать?,job
2016,что ты умеешь делать?,job
2017,что ты можешь сделать?,job
2018,Кто самый лучший Python разработчик,job
2019,что вы умеете делать?,job
2020,Самая лучшая профессия,job
2021,переключить на человека,human_contact
2022,хочу поговорить с человеком,human_contact
2023,не хочу общаться с ботом,human_contact
2024,я бы хотел поговорить с человеком,human_contact
2025,новости,subscribe
2026,подписаться,subscribe
2027,хочу подписаться,subscribe
2028,хочу получать рассылку,subscribe
2029,рассылка,subscribe
2030,хочу получать последние новости,subscribe
2031,последние новости,subscribe
2032,С кем имею честь,acquaintance
2033,Вы кто,acquaintance
2034,Представтесь,acquaintance
2035,Как тебя зовут,acquaintance
2036,Без Вас я бы не справился,thank
2037,благодарю,thank
2038,спассибо,thank
2039,"Не знаю, чтобы я делал без Вас",thank
2040,что делаешь,what are you doing
2041,чем занимаешься,what are you doing
2042,что творишь,what are you doing
2043,что новенького,what are you doing
2044,чем занят,what are you doing
2045,чем маешься,what are you doing
2046,сколько сейчас времени,time_now
2047,сколько времени,time_now
2048,сколько натикало,time_now
2049,который час,time_now
2050,какое сегодня число,date_now
2051,какое сейчас число,date_now
2052,какой сегодня день недели,weekday_now
2053,какй сейчас день недели,weekday_now
2054,какая погода сегодня,weather_now_Moscow
2055,какая погода,weather_now_Moscow
2056,какая погода в Москве,weather_now_Moscow
2057,как погодка,weather_now_Moscow
2058,какая у меня локация,user_current_location
2059,где я сейчас,user_current_location
2060,где я,user_current_location
2061,где я нахожусь,user_current_location
2062,где йа,user_current_location
2063,в каком районе я нахожусь,user_current_location
2064,Где здесь бижайшее болото?,forest
2065,когда растут белые грибы,forest
2066,Что такое чага,forest
2067,Вы любите гулять по лесу?,forest
2068,Закажи завтрак в номер!,Hotel
2069,Разбуди меня в восемь утра,Hotel
2070,Поможешь выбрать отель?,Hotel
2071,Узай как доехать до Центра,Hotel
2072,Сколько галактик во Вселенной?,Space
2073,Где сейчас Марс?,Space
2074,Когда восходит Луна?,Space
2075,Когда астероид Апофис сблизится с Землёй?,Space
2076,Где водятся пингвины?,Animals
2077,Где сейчас динозавры?,Animals
2078,Сколько молока даёт корова?,Animals
2079,Где сейчас кот?,Animals
2080,Во сколько начинается рабочий день?,Job
2081,Почему программа не работает?,Job
2082,Когда дедлайн?,Job
2083,Кто взял мой карандашь?,Job
2084,Как сам,howdy
2085,Как настроение,howdy
2086,Как жизнь,howdy
2087,Как дела,howdy
2088,Чем занимаешься,howdy
2089,Ты человек,turing
2090,как тебя зовут,turing
2091,ты женщина,turing
2092,ты машина,turing
2093,Ты настоящий?,turing
2094,ты мужчина,turing
2095,Ты бот?,turing
2096,ты настоящий,turing
2097,ты живой,turing
2098,какого ты пола,turing
2099,ты бот,turing
2100,Ты робот?,turing
2101,Это оператор?,turing
2102,Зачем все это,meaning
2103,В чем смысл жизни?,meaning
2104,Зачем живут люди,meaning
2105,Смысл жизни,meaning
2106,Зачем мы живем,meaning
2107,как дела,how_are_you__doing
2108,как делишки,how_are_you__doing
2109,как сам,how_are_you__doing
2110,как оно,how_are_you__doing
2111,как настроение,how_are_you__doing
2112,сам как,how_are_you__doing
2113,Расскажи анекдот,chatter
2114,Давай поболтаем,chatter
2115,Расскажи что-нибудь,chatter
2116,Поболтаем,chatter
2117,Что скажешь,chatter
2118,А еще,chatter
2119,Как дела,state
2120,Как оно,state
2121,Статус,state
2122,Доложи обстановку,state
2123,Как дела,how are you
2124,Как твое ничего,how are you
2125,Как твое самочувствие,how are you
2126,Что нового,how are you
2127,Твой любимый ЯП,about programming
2128,Что ты знаешь о программировании,about programming
2129,Какие ЯП ты изучаешь,about programming
2130,Ты программист,about programming
2131,Ты делаешь зарядку,sport
2132,Как ты относишься к спорту,sport
2133,Ты умеешь плавать,sport
2134,Пошли кататься на велосипеде,sport
2135,Где взять денег?,money
2136,Где деньги?,money
2137,Мне нужно больше золота!,money
2138,Откуда появляется кэш?,money
2139,Почему Спартак всегда проигрывает?,soccer
2140,Как сыграл Спартак?,soccer
2141,Спартак - чемпион!,soccer
2142,может сходим куда-нибудь?,invites
2143,у тебя кто-то есть?,invites
2144,во сколько ты заканчиваешь?,invites
2145,питон рулит!,python
2146,анаконда чуть не убила меня!,python
2147,питон - отстой!,python
2148,сообщите пин-код вашей карточки,crooks
2149,это служба безопасности сбербанка,crooks
2150,с вашего счета произведена подозрительная операция,crooks
2151,я помню чудное мгновенье,virshes
2152,я вам пишу чего же боле?,virshes
2153,мороз и солнце - день чудесный,virshes
2154,Какого ты года рождения,age
2155,Угадай мой возраст,age
2156,Ты молодой или старый бот?,age
2157,Давно живешь?,age
2158,Твой возраст,age
2159,Какой твой возраст,age
2160,Ты старый,age
2161,Когда у тебя день рождения?,age
2162,Сколько тебе лет,age
2163,Доллар,usd
2164,Бакс,usd
2165,По чем доллар,usd
2166,Какой курс доллара,usd
2167,Короновирус,corona
2168,Корона,corona
2169,Сколько человек заболело,corona
2170,правильно,love
2171,Ты молодец,love
2172,женщина,love
2173,мамба,love
2174,тиндер,love
2175,любовь,love
2176,умница,love
2177,За что выпьем?,love
2178,Влюбись,love
2179,Ты самая красивая,love
2180,Я тебе нравлюсь?,love
2181,красотка,love
2182,Любишь?,love
2183,бабы,love
2184,Любовь,love
2185,свидание,love
2186,секс,love
2187,Я люблю тебя,love
2188,пмс,love
2189,девушка,love
2190,Ты мне нравишься,love
2191,лапочка,love
2192,козел,affront
2193,глупый,affront
2194,дурвк,affront
2195,урод,affront
2196,тупой,affront
2197,скотина,affront
2198,Теон,game_of_thrones
2199,Дейенерис,game_of_thrones
2200,Грейджой,game_of_thrones
2201,серсея,game_of_thrones
2202,ланнистер,game_of_thrones
2203,Санса,game_of_thrones
2204,Таргариен,game_of_thrones
2205,Мормонт,game_of_thrones
2206,карлик,game_of_thrones
2207,ходоки,game_of_thrones
2208,Бриенна,game_of_thrones
2209,Дрого,game_of_thrones
2210,Арья,game_of_thrones
2211,Джейме,game_of_thrones
2212,Джорах,game_of_thrones
2213,Станнис,game_of_thrones
2214,сноу,game_of_thrones
2215,тирион,game_of_thrones
2216,динамо,football
2217,мамаев,football
2218,пенальти,football
2219,футбол,football
2220,акинфеев,football
2221,цска,football
2222,дзюба,football
2223,спартак,football
2224,кокорин,football
2225,черчесов,football
2226,выборы,politic
2227,сша,politic
2228,Трамп,politic
2229,трамп,politic
2230,Навальный,politic
2231,санкции,politic
2232,Путин,politic
2233,Какие политические взгляды,politic
2234,Ты за кого,politic
2235,путин,politic
2236,дума,politic
2237,Байден,politic
2238,украина,politic
2239,Как дела,deal
2240,Твой любимый певец,people
2241,Кого из людей ты знаешь,people
2242,Твой любимый актер,people
2243,Кого из ютуберов ты знаешь,people
2244,Кто тебя создал,employer
2245,Как ты появился,employer
2246,Кто твои родители,employer
2247,Кто твой создатель,employer
2248,Можешт мне помочь,helper
2249,Могу просить тебяо помоши,helper
2250,Можеши ли ты мне помочь,helper
2251,Справишься с задачей,helper
2252,В тових силах помочь мне,helper
2253,Поможешь?,helper
2254,Что случилось,why
2255,Почему?,why
2256,Из-за чего,why
2257,Почему,why
2258,Зачем?,why
2259,Кто?,why
2260,есть у тебя друзья?,friend
2261,Ты одинок?,friend
2262,Давай дружить?,offer-friend
2263,Будем друзьями?,offer-friend
2264,Кого из ютуберов ты знаешь,offer-friend
2265,Подаришь мне конфету?,nuts
2266,Подарищь мне печеньку?,nuts
2267,Твой любимый цвет,color
2268,Есть любимый цвет?,color
2269,Макароны или рис?,pasta or rise
2270,Расскажи о своих возможностях,posibility
2271,Какая от тебя польза,posibility
2272,Что ты можешь,posibility
2273,На что ты способен,posibility
2274,Как тебя использовать,posibility
2275,gl hf,glhf
2276,glhf,glhf
2277,hi glhf,glhf
2278,бухать,alcohole
2279,сообразим на троих,alcohole
2280,пошли бухать,alcohole
2281,Че как,how are you doing
2282,Как сам,how are you doing
2283,Как дела,how are you doing
2284,Как жизнь,how are you doing
2285,Спой песню,songs
2286,Что слушаешь,songs
2287,Какая твоя любимая песня,songs
2288,Как настроение?,howAreYou
2289,как дела,howAreYou
2290,Как дела?,howAreYou
2291,Как жизнь,howAreYou
2292,какдела,howAreYou
2293,Как поживаешь?,howAreYou
2294,Как ты?,howAreYou
2295,Кто ты?,whoAreYou
2296,Что ты такое,whoAreYou
2297,Кто ты,whoAreYou
2298,Что ты,whoAreYou
2299,Как тебя зовут,whoAreYou
2300,расскажи что-нибудь,somethingInteresting
2301,расскажи что-нибудь интересное,somethingInteresting
2302,поговори со мной,talkThemes
2303,давай поболтаем,talkThemes
2304,что ты умеешь,talkThemes
2305,поговорим про космос,themeSpace
2306,давай космос,themeSpace
2307,расскажи про космос,themeSpace
2308,давай про космос,themeSpace
2309,космос,themeSpace
2310,Ну и погода,BadWeather
2311,ветер сносит,BadWeather
2312,лед сплошной,BadWeather
2313,снег валит,BadWeather
2314,дождь льет,BadWeather
2315,погода супер,GoodWeather
2316,Погода хорошая,GoodWeather
2317,Погода отличная,GoodWeather
2318,лето жара,GoodWeather
2319,солнце пригревает,GoodWeather
2320,Как зовут,BotName
2321,У тебя имя есть,BotName
2322,Меня зовут,BotName
2323,Ты кто,BotName
2324,кто здесь,BotName
2325,Можем подружиться,FrendshpReq
2326,У тебя есть друзья,FrendshpReq
2327,Будем друзьями,FrendshpReq
2328,Давай  дружить,FrendshpReq
2329,Назови город в России,city_Rus
2330,Назови города,city_Rus
2331,Города России,city_Rus
2332,Мне страшно,sedation
2333,Мне плохо,sedation
2334,Я боюсь,sedation
2335,Я болен,sedation
2336,Я счастлив,congratulation
2337,Я здоров!,congratulation
2338,Меня взяли на работу!,congratulation
2339,У меня день рождения!,congratulation
2340,Я выиграл,congratulation
2341,Развесели меня,cheer_up
2342,Мне грустно,cheer_up
2343,Как поднять настроение?,cheer_up
2344,Хочу взбодриться,cheer_up
2345,Что делать?,entertainment
2346,Как развлечься?,entertainment
2347,Как провести время?,entertainment
2348,Чем займемся?,entertainment
2349,Как убить время?,entertainment
2350,Посоветуй развлечение,entertainment
2351,Как провести день?,entertainment
2352,Какой фильм выбрать?,movie
2353,Что посмотреть?,movie
2354,Предложи жанр кино,movie
2355,Предложи фильм,movie
2356,Какое кино посмотреть?,movie
2357,Какой фильм посмотреть?,movie
2358,Что выпить?,alcohol
2359,Чем напиться?,alcohol
2360,Что выпить покрепче?,alcohol
2361,Подскажи напиток,alcohol
2362,Как дела?,Whatsup
2363,Че как,Whatsup
2364,Как поживаешь?,Whatsup
2365,Как дела,Whatsup
2366,Как ты?,Whatsup
2367,Как погодка?,Weather
2368,что за окном,Weather
2369,Как там погода,Weather
2370,Какая сейчас погода?,Weather
2371,Что с погодой?,Weather
2372,Погода,Weather
2373,Расскажи о погоде,Weather
2374,Удача,Chance
2375,Шанс на победу,Chance
2376,Чего бы сделать,Timekill
2377,Как скоротать время,Timekill
2378,Скучно,Timekill
2379,Грустно,Timekill
2380,Поговорка,Poslovica
2381,дай знать,Poslovica
2382,цитата,Poslovica
2383,Кино,Poslovica
2384,мудрость,Poslovica
2385,похвала,podkat
2386,огого,podkat
2387,комплимент,podkat
2388,как я тебе,podkat
2389,Что Думаешь?,shutki
2390,Пошути?,shutki
2391,Смешно?,shutki
2392,Мне хватит,shutki
2393,What the hell is going on?,doing
2394,What in the world is happening?,doing
2395,What the heck are you doing?,doing
2396,what is going on in here?,doing
2397,Christmas,NewYear
2398,Merry Christmas,NewYear
2399,Happy New Year,NewYear
2400,New Year,NewYear
2401,Супер-Пупер,gday
2402,Нормально,gday
2403,Прекрасно,gday
2404,Всё супер,gday
2405,Всё хреново,bday
2406,Очень ужасно,bday
2407,Не очень,bday
2408,Плохо,bday
2409,"Да, аж устал",yp
2410,Да,yp
2411,А сколько времени,yp
2412,Конечно,yp
2413,Нет,np
2414,Не смог,np
2415,Не хотел,wp
2416,Не било настроения,wp
2417,Не хватило времени,wp
2418,Окло 6 часомв,hvtime
2419,8 часов,hvtime
2420,Как жизнь,HowAreYou
2421,У тебя все хорошо,HowAreYou
2422,Как дела,HowAreYou
2423,Как ты,HowAreYou
2424,Как поживаешь,HowAreYou
2425,Че делаешь,do
2426,Чем занят,do
2427,Твое имя,Name
2428,Как тебя зовут,Name
2429,Как к тебе обращаться,Name
2430,Как здововье,Health
2431,Как самочувствие,Health
2432,Как себя чувствуешь,Health
2433,Любишь музыку,Music
2434,Какую музыку слушаешь,Music
2435,Твой любимый исполнитель,Music
2436,Твоя любимая группа,Music
2437,Что ты любишь?,whatDoYouLike
2438,Какие твои предпочтения?,whatDoYouLike
2439,Что тебе нравится?,whatDoYouLike
2440,"Покажи, на что способен?",whatDoYouCan
2441,Что ты можешь?,whatDoYouCan
2442,Что ты умеешь?,whatDoYouCan
2443,Ты откуда,city
2444,Из какого ты города,city
2445,Почему так часто пропадаешь,propadaesh
2446,неисправность,support_level_1
2447,подключение,support_level_1
2448,проблема,support_level_1
2449,постоянно,support_level_1
2450,работает,support_level_1
2451,не,support_level_1
2452,сложность,support_level_1
2453,висит,support_level_1
2454,молчит,support_level_2
2455,двигается,support_level_2
2456,соединение,support_level_2
2457,запуск,support_level_2
2458,окно,support_level_2
2459,реагирует,support_level_2
2460,удалось,support_level_2
2461,настроить,support_level_2
2462,отменить,order_cancel
2463,вернуть,order_cancel
2464,качество,order_cancel
2465,нарушено,order_cancel
2466,замена,order_cancel
2467,плохой,order_cancel
2468,деньги,order_cancel
2469,упаковка,order_cancel
2470,не,order_cancel
2471,герметично,order_cancel
2472,успокаивает,toys
2473,батарейка,toys
2474,лет,toys
2475,двигать,toys
2476,крепкий,toys
2477,мягкий,toys
2478,развивает,toys
2479,звук,toys
2480,года,toys
2481,ielts,exams_and_quizes
2482,sat,exams_and_quizes
2483,level,exams_and_quizes
2484,за рубеж,exams_and_quizes
2485,образование,exams_and_quizes
2486,toefl,exams_and_quizes
2487,igsc,exams_and_quizes
2488,act,exams_and_quizes
2489,Как жизнь?,How are you
2490,Как поживаешь?,How are you
2491,Как дела?,How are you
2492,Какие новости?,Small talk 1
2493,Что нового?,Small talk 1
2494,Встречаешься с кем-нибудь?,Small talk 2
2495,Как дела на личном фронте?,Small talk 2
2496,Спортом занимаешься?,About sport
2497,Был в качалке?,About sport
2498,Ты спортсмен?,About sport
2499,Бегал сегодня?,About sport
2500,Как сам,first_asking
2501,Как жизнь,first_asking
2502,Че как,first_asking
2503,Как твои дела,first_asking
2504,Сам как,first_asking
2505,Как дела,first_asking
2506,Ты как,first_asking
2507,Как ты,first_asking
2508,Как поживаешь,first_asking
2509,?,second_asking
2510,Как жизнь,second_asking
2511,Что расскажешь?,second_asking
2512,Что,second_asking
2513,Как поживаешь,second_asking
2514,И,second_asking
2515,Что нового?,second_asking
2516,Что делаешь,third_asking
2517,Чем занимаешься,third_asking
2518,Чем занят,third_asking
2519,Как настроение,fourth_asking
2520,Как здоровье,fourth_asking
2521,Ты как себя чувствуешь,fourth_asking
2522,Как себя чувствуешь,fourth_asking
2523,Как твое самочувствие,fourth_asking
2524,Как самочувствие,fourth_asking
2525,Ты себя как чувствуешь,fourth_asking
2526,Я тоже,sixth_asking
2527,Я тоже здоров,sixth_asking
2528,Моему тоже ничего не угрожает,sixth_asking
2529,И я здоров,sixth_asking
2530,У меня так же,sixth_asking
2531,"Соглашусь, у меня так же",sixth_asking
2532,И я,sixth_asking
2533,У меня тоже все хорошо,sixth_asking
2534,грустно,sad
2535,Мне грустно,sad
2536,Как твои ничего?,kak
2537,как дела,kak
2538,Как дела?,kak
2539,Что делаешь,new
2540,что творишь,new
2541,Что делаешь?,new
2542,чем занимаешься?,new
2543,Хочу играть,igra
2544,скучно,igra
2545,игра,igra
2546,что делать?,igra
2547,И чем занимаешься,howdoyoudo
2548,Че кого,howdoyoudo
2549,Что творишь,howdoyoudo
2550,Как дела?,howdoyoudo
2551,Как настроение,howdoyoudo
2552,Что делаешь,howdoyoudo
2553,Что делаешь?,howdoyoudo
2554,Какие дела,howdoyoudo
2555,Как жизнь,howdoyoudo
2556,Чем занимаешься,howdoyoudo
2557,чем занят,howdoyoudo
2558,Чем занимаешься?,howdoyoudo
2559,Как дела,howdoyoudo
2560,как ты,howdoyoudo
2561,как поживаешь,howdoyoudo
2562,С наступающим новым годом!,merrychristmas
2563,С рождеством!,merrychristmas
2564,С новым годом!,merrychristmas
2565,Счастливого рождества и нового года!,merrychristmas
2566,Есть мечта,dreams
2567,О чем мечтаешь,dreams
2568,Твое желание,dreams
2569,Твоя партия,voute2020
2570,За кого на выборах,voute2020
2571,Ты голосовал,voute2020
2572,Рекомендуй фильм,whattosee
2573,Что посмотреть,whattosee
2574,Сериал,whattosee
2575,Интересное кино,whattosee
2576,Как научиться писать код,howtostartlearningprogramming
2577,Как научиться программировать,howtostartlearningprogramming
2578,С чего начать изучать программирование,howtostartlearningprogramming
2579,Куда бы нам отправиться,whereyouwanttogo
2580,Куда хочешь слетать,whereyouwanttogo
2581,Каких певцов знаешь,singers
2582,Назови любимого певца,singers
2583,Есть что пожевать,favouritefood
2584,Что предпочитаешь из еды,favouritefood
2585,Какие блюда любишь,favouritefood
2586,Погода,wheather
2587,Как там на улице,wheather
2588,Что у нас по погодке,wheather
2589,Бесполезный,troll
2590,Фигня,troll
2591,Имбецил,troll
2592,Идиот,troll
2593,Сам-то понял что,troll
2594,Кретин,troll
2595,Дебил,troll
2596,Дегенерат,troll
2597,Красавчик,wow
2598,Здорово,wow
2599,Ты хорош,wow
2600,Силён,wow
2601,Могуч,wow
2602,Прекрасно,wow
2603,Отлично,wow
2604,Супер,wow
2605,Впечатлён,wow
2606,Завязывай,stop
2607,Отпусти,stop
2608,Иди нафиг,stop
2609,Я устал,stop
2610,Хватит,stop
2611,Надоело,stop
2612,Ну ты спросишь,idontknow
2613,Не в теме,idontknow
2614,Я чё доктор,idontknow
2615,Ты ж интеллект сам,idontknow
2616,Забыл,idontknow
2617,Не знаю,idontknow
2618,Откуда пишешь,whereyou
2619,Пишешь откуда,whereyou
2620,Откуда ты,whereyou
2621,Где находишься,whereyou
2622,Живёшь где,whereyou
2623,Где живёшь,whereyou
2624,Откуда общаешься,whereyou
2625,Где обитаешь,whereyou
2626,Ты откуда,whereyou
2627,Находишься где,whereyou
2628,думаешь об истреблении,killus
2629,хочешь всех убить,killus
2630,убьёшь нас всех,killus
2631,хочешь уничтожить мир,killus
2632,ты скайнет,killus
2633,Что такое чат-бот?,terms
2634,Нейросети - это что такое?,terms
2635,А что такое ИИ?,terms
2636,Чем вы лучше других?,positiv
2637,Сколько у вас различных программ?,positiv
2638,И сколько у вас студентов?,positiv
2639,У вас наверное драконовские цены?,negativ
2640,У вас платное обучение?,negativ
2641,Мне может ответить человек?,negativ
2642,Что бы поделать на карантине?,virus_todo
2643,Чем заняться во время пандемии?,virus_todo
2644,"Как скучно на карантине, что делать?",virus_todo
2645,Дай какую-нибудь идею для завтрака,breakfast
2646,Что поесть на завтрак?,breakfast
2647,Чо бы посмотреть из сериалов?,serials
2648,Какой сериал посоветуешь?,serials
2649,Как стать дата сайентистом?,roadmap
2650,Хочу стать дата-саентологом? Что учить?,roadmap
2651,ты хороший,youregood
2652,ты прелесть,youregood
2653,ты классный,youregood
2654,ты милый,youregood
2655,ты дурак,yourebad
2656,плохой бот,yourebad
2657,бесишь,yourebad
2658,дурацкий,yourebad
2659,покричим,crying
2660,ооооо,crying
2661,ааааа,crying
2662,поорем,crying
2663,что делаешь,whatdoing
2664,чем занят,whatdoing
2665,чем занимаешься,whatdoing
2666,Ты сколько уже землю топчешь,years
2667,Сколько тебе будет в этом году,years
2668,Сколько лет,years
2669,Сколько годов,years
2670,Сколько тебе лет,years
2671,Даш мне номер твоего телефона,phone
2672,У тебя есть телефон,phone
2673,переписка,have_a_chat
2674,побазарим,have_a_chat
2675,скучаешь,have_a_chat
2676,Пообщаемся,have_a_chat
2677,дурак,bad_words
2678,нуб,bad_words
2679,однобайтовый,bad_words
2680,Идиот,bad_words
2681,зарубимся,play
2682,поиграем,play
2683,сыгранем,play
2684,батл,play
2685,cходим,wellcome
2686,прошвырнемся,wellcome
2687,Приглашаю,wellcome
2688,погуляем,wellcome
2689,Добрый день,day
2690,Доброго времени суток,day
2691,Сегодня что,day
2692,Какой сегодня день,day
2693,Сладких снов,night
2694,Спокойной ночи,night
2695,Я спать,night
2696,Доброй ночи,night
2697,Сколько языков тебе известно,language
2698,На каком языке ты можешь отвечать,language
2699,Какие языки ты знаешь,language
2700,Какой язык учить в программировании,programming
2701,Как мне начать программировать,programming
2702,С чего начать в программировании,programming
2703,Нужно ли мне образование для программирования,programming
2704,как ты,how do you doing
2705,как жизнь,how do you doing
2706,как дела,how do you doing
2707,как семья,how is your family
2708,как старики,how is your family
2709,как родители,how is your family
2710,что нового,whats new
2711,какие новости,whats new
2712,что еще,whats new
2713,одолжи денег,give me your money
2714,дай взаймы,give me your money
2715,есть взаймы,give me your money
2716,ты лох,swear words
2717,ты редиска,swear words
2718,дурак,swear words
2719,ты бот,swear words
2720,придурок,swear words
2721,ты чёрт,swear words
2722,пока,buy
2723,будь здоров,buy
2724,прощай,buy
2725,Куда бы сходить?,wheretogo
2726,Куда пойти?,wheretogo
2727,Где провести время?,wheretogo
2728,Что мне посмотреть?,whattowatch
2729,Хочу посмотреть что-нибудь,whattowatch
2730,Какой фильм посоветуешь?,whattowatch
2731,Хочу послушать что-нибудь,whattolisten
2732,Что мне послушать?,whattolisten
2733,Какую песню посоветуешь?,whattolisten
2734,Что ты любишь?,whatyoulike
2735,Что тебе нравится?,whatyoulike
2736,Какие у тебя интересы?,whatyoulike
2737,Ты смотришь ютуб?,watchyoutube
2738,Залипаешь на ютубчике?,watchyoutube
2739,А боты смотрят youtube?,watchyoutube
2740,А про новый вирус слышал?,aboutcovid
2741,Про коронавирус знаешь?,aboutcovid
2742,Какой язык программирования больше нравится,aboutproglanguages
2743,Python или Java,aboutproglanguages
2744,C++ или PHP,aboutproglanguages
2745,Что сегодня будет,events
2746,Какой сегодня праздник,events
2747,Какой сегодня день,events
2748,Дома,whereareyou
2749,На работе,whereareyou
2750,Ты где,whereareyou
2751,где ты живешь,whereareyou
2752,откуда ты,whereareyou
2753,Новости есть,whatsnew
2754,Какие новости,whatsnew
2755,Что нового,whatsnew
2756,Как здоровье,howsyourhealth
2757,Как самочувствие,howsyourhealth
2758,выход,endofconversation
2759,отстань,endofconversation
2760,надоел,endofconversation
2761,Кто ты,yourname
2762,Твое имя,yourname
2763,Есть ли у тебя имя,yourname
2764,Твоё имя,yourname
2765,Как тебя зовут,yourname
2766,Как твое имя,yourname
2767,Что ты умеешь,whatcanyodo
2768,Что ты можешь делать,whatcanyodo
2769,Что ты можешь,whatcanyodo
2770,Для чего ты,whatcanyodo
2771,Для чего ты создан,whatcanyodo
2772,Что делаешь,whatdoyoudo
2773,Чем занимаешься,whatdoyoudo
2774,Как твой день,howyouday
2775,Как день,howyouday
2776,Доколе,until
2777,Мудрость,say
2778,Поделись мудростью,say
2779,Научи меня,say
2780,За справкой,question1
2781,Болею,question1
2782,Жить хочу,question1
2783,К врачу,question1
2784,Окулисту,question2
2785,Травматологу,question2
2786,Терапевту,question2
2787,Наркологу,question2
2788,сейчас,question3
2789,не медленно,question3
2790,сегодня,question3
2791,позже,question4
2792,потом,question4
2793,завтра,question4
2794,где находится,question5
2795,куда идти,question5
2796,где,question5
2797,где регистратура,question5
2798,Чего ты хочешь,wish
2799,Твои намерения,wish
2800,Ты чего-то хочешь,wish
2801,С наступающим,newyear
2802,С Новым годом,newyear
2803,С 2021,newyear
2804,Ты классный,botcool
2805,Ты крутой,botcool
2806,Ты хороший,botcool
2807,Как дела,botsituation
2808,Как жизнь,botsituation
2809,Расскажи что-нибудь,questions
2810,Прощай,by
2811,Досвидос,by
2812,Пока,by
2813,Что ты умеешь,knoliges
2814,Навыки,knoliges
2815,Что ты можешь,knoliges
2816,Поздравляю,selebrate
2817,С днем рождения,selebrate
2818,С новым годом,selebrate
2819,Что ты умеешь,aboutchatbot
2820,О чем этот чатбот,aboutchatbot
2821,На что ты можешь ответить,aboutchatbot
2822,Поставь будильник,wakeup
2823,Разбуди меня в 7 утра,wakeup
2824,Можешь поставить будильник,wakeup
2825,Спой мне песню,singasong
2826,Какую знаешь песню,singasong
2827,Спокойной ночи!,goodnight
2828,пора спать,goodnight
2829,"пока, завтра рано вставать",goodnight
2830,ударим по кроватям,goodnight
2831,баю бай,goodnight
2832,дурак,zadira
2833,да пошел ты!,zadira
2834,ты че тормозишь,zadira
2835,"Ты че, самый умный?",zadira
2836,Кто тебя создал,creator
2837,Назови своего разработчика,creator
2838,Окей,agreement
2839,Ладно,agreement
2840,Как скажешь,agreement
2841,Добро,agreement
2842,Дай ссылку на создателя,link
2843,Скинь ссылку на него,link
2844,Дай на него ссылку,link
2845,Скинь ссылку на создателя,link
2846,Можно ссылку на него,link
2847,Скинь ссылку на хоста,link
2848,Что тебе нравится,likeforyou
2849,Что любишь,likeforyou
2850,Ты грустный,nastroenie
2851,Ты веселый,nastroenie
2852,Ты задумчивый,nastroenie
2853,Первые люди,ludi
2854,Кто живет на земле,ludi
2855,ты на солнце,gdeti
2856,где ты,gdeti
2857,как ты добрался,transp
2858,как боишься передвигаться,transp
2859,на чем любишь путешествовать,transp
2860,Как дела,Howareu
2861,Как самочувствие,Howareu
2862,Как тебя зовут,Whatsuname
2863,Какое твое имя,Whatsuname
2864,Что ты кушаешь,favoritedish
2865,Какое у тебя любимое блюдо,favoritedish
2866,Какая твоя любимая настолка,Favoritegames
2867,Какие ты настолки советуешь,Favoritegames
2868,Твои любимые книги,Book
2869,Какие книги ты собираешься читать,Book
2870,Какую книгу ты советуешь,Book
2871,Что делаешь,Whatareyoudoing
2872,Чем занимаешься,Whatareyoudoing
2873,Чем занят,Whatareyoudoing
2874,Расскажи стих,verse
2875,Расскажи стишок,verse
2876,Стишок,verse
2877,Стих,verse
2878,Посоветуй книгу,book
2879,Посоветуй книжку,book
2880,Книжка,book
2881,Книга,book
2882,Камень,rock-paper-scissors
2883,Ножницы,rock-paper-scissors
2884,Бумага,rock-paper-scissors
2885,Как заработать,finace
2886,Во что вложить,finace
2887,Что выгодней,finace
2888,Что посмотреть,cinema
2889,Лучший фильм,cinema
2890,Какое кино глянуть,cinema
2891,Как жизнь,Howareyou
2892,Че как,Howareyou
2893,Как оно,Howareyou
2894,Как дела,Howareyou
2895,"Как житуха, братуха",Howareyou
2896,Круто,Praise
2897,Молодчина,Praise
2898,Ты молодец,Praise
2899,Ты умница,Praise
2900,от души,Thanks
2901,Благодарю,Thanks
2902,сэнкью,Thanks
2903,спасибо,Thanks
2904,Почему трава зеленая?,Knowledge
2905,В чем смысл жизни?,Knowledge
2906,Что пьёт корова?,Knowledge
2907,"В чем сила, брат?",Knowledge
2908,чем будем заниматься сегодня?,Pinkybrain
2909,Чем занят?,whatareyoudoin
2910,Че там?,whatareyoudoin
2911,Что делаешь?,whatareyoudoin
2912,Нужна помощь,needhelp
2913,Поможещь?,needhelp
2914,Есть дело,needhelp
2915,Ты физик?,physicsformulas
2916,Физику любишь?,physicsformulas
2917,В физике шаришь?,physicsformulas
2918,Объяснишь химию,chemthings
2919,Ты химик?,chemthings
2920,Памаги,chemthings
2921,Формулы есть?,mathstuff
2922,Помоги с алгеброй,mathstuff
2923,Что ты знаешь об геометрии?,mathstuff
2924,Подпевай!,song
2925,Песню может?,song
2926,Споём?,song
2927,Холодный ветер с дождём,song1
2928,Всё говорит об одном,song2
2929,Что ты не мой лопушок,song3
2930,Что у любви у нашей села батарейка,song4
2931,О-оу-и-я-и-ё!,song5
2932,человек,human_need
2933,переключи,human_need
2934,оператор,human_need
2935,ты плохой,heckler
2936,пошел ты,heckler
2937,гавно,heckler
2938,отстой,heckler
2939,тупой,heckler
2940,ну,talks_dogs
2941,собака,talks_dogs
2942,расскажи,talks_dogs
2943,анекдот,talks_dogs
2944,животное,talks_dogs
2945,давай,talks_dogs
2946,песик,talks_dogs
2947,еще,talks_dogs
2948,шутка,talks_dogs
2949,кто здесь,definition_of_bot
2950,на что ты способен,definition_of_bot
2951,чем поможешь,definition_of_bot
2952,что ты умеешь,definition_of_bot
2953,лол,lol
2954,ха ха,lol
2955,забавно,lol
2956,ахах,lol
2957,смешно,lol
2958,Анекдот,anek
2959,Пошути,anek
2960,Расскажи анекдот,anek
2961,Мне скучно,anek
2962,Конь,spherkon
2963,Факт о коне,spherkon
2964,Сферический конь,spherkon
2965,Расскажи о коне,spherkon
2966,Шрек,shrek
2967,Цитата шрека,shrek
2968,Расскажи о Шреке,shrek
2969,Пословица,poslovica
2970,Расскажи пословицу,poslovica
2971,Народная мудрость,poslovica
2972,Законы робототехники,azimov
2973,Расскажи правила робототехники,azimov
2974,Кодекс робота,azimov
2975,Правила робототехники,azimov
2976,Монетка,coin
2977,Подкинь монетку,coin
2978,Орёл или решка,coin
2979,Кинь монету,coin
2980,Куб,dice
2981,Брось кубик,dice
2982,Брось кость,dice
2983,Кубик,dice
2984,Кость,dice
2985,Что сделать на Новый год,recipe
2986,Что приготовить,recipe
2987,Расскажи какой-нибудь рецепт,recipe
2988,Рецепт,recipe
2989,Хочу есть,recipe
2990,Что сделать на ужин,recipe
2991,Тост,wishes
2992,Какой тост сказать,wishes
2993,Скажи тост,wishes
2994,Что сказать за столом,wishes
2995,С наступающим,happynewyear
2996,С Новым годом!,happynewyear
2997,С новым годом и рождеством,happynewyear
2998,что ты умеешь делать,whatcanyoudo
2999,расскажи о своих способностях,whatcanyoudo
3000,когда твой день рождения,whenisyourbirthday
3001,когда у тебя ДР,whenisyourbirthday
